Região metropolitana;População residente;População em área urbana;População em área não urbanizada;População em área isolada;Área rural;Aglomerado urbano;Povoado;Núcleo;Outros aglomerados;Código unidade
Manaus  AM;2106322;1972885;3011;;108160;;22266;;;30
Homens;1036676;964041;2018;;59024;;11593;;;30
Mulheres;1069646;1008844;993;;49136;;10673;;;30
Careiro da Várzea;23930;1000;;;21089;;1841;;;1301159
Homens;12688;481;;;11281;;926;;;1301159
Mulheres;11242;519;;;9808;;915;;;1301159
Iranduba;40781;28979;;;10490;;1312;;;1301852
Homens;20996;14662;;;5658;;676;;;1301852
Mulheres;19785;14317;;;4832;;636;;;1301852
Itacoatiara;86839;57863;294;;21947;;6735;;;1301902
Homens;44426;28576;156;;12218;;3476;;;1301902
Mulheres;42413;29287;138;;9729;;3259;;;1301902
Manacapuru;85141;60174;;;19771;;5196;;;1302504
Homens;43461;29977;;;10747;;2737;;;1302504
Mulheres;41680;30197;;;9024;;2459;;;1302504
Manaus;1802014;1790164;2717;;7161;;1972;;;1302603
Homens;879742;872887;1862;;3978;;1015;;;1302603
Mulheres;922272;917277;855;;3183;;957;;;1302603
Novo Airão;14723;9499;;;5224;;;;;1303205
Homens;7607;4752;;;2855;;;;;1303205
Mulheres;7116;4747;;;2369;;;;;1303205
Presidente Figueiredo;27175;13001;;;8964;;5210;;;1303536
Homens;14350;6622;;;4965;;2763;;;1303536
Mulheres;12825;6379;;;3999;;2447;;;1303536
Rio Preto da Eva;25719;12205;;;13514;;;;;1303569
Homens;13406;6084;;;7322;;;;;1303569
Mulheres;12313;6121;;;6192;;;;;1303569
Belém  PA;2101883;2018429;18358;;32172;3702;28766;;456;1
Homens;1005253;961018;9278;;18306;1819;14602;;230;1
Mulheres;1096630;1057411;9080;;13866;1883;14164;;226;1
Ananindeua;471980;464317;6502;;1161;;;;;1500800
Homens;226635;222762;3260;;613;;;;;1500800
Mulheres;245345;241555;3242;;548;;;;;1500800
Belém;1393399;1376423;5052;;5004;;6920;;;1501402
Homens;659008;650275;2585;;2627;;3521;;;1501402
Mulheres;734391;726148;2467;;2377;;3399;;;1501402
Benevides;51651;26204;2708;;6489;3246;13004;;;1501501
Homens;25815;12975;1379;;3342;1599;6520;;;1501501
Mulheres;25836;13229;1329;;3147;1647;6484;;;1501501
Marituba;108246;103027;4096;;667;456;;;;1504422
Homens;53884;51273;2054;;337;220;;;;1504422
Mulheres;54362;51754;2042;;330;236;;;;1504422
Santa Bárbara do Pará;17141;5458;;;4180;;7047;;456;1506351
Homens;8755;2667;;;2231;;3627;;230;1506351
Mulheres;8386;2791;;;1949;;3420;;226;1506351
Santa Isabel do Pará;59466;43000;;;14671;;1795;;;1506500
Homens;31156;21066;;;9156;;934;;;1506500
Mulheres;28310;21934;;;5515;;861;;;1506500
Macapá  AP;499466;475650;4675;;12978;;6163;;;27
Homens;246027;233427;2431;;6971;;3198;;;27
Mulheres;253439;242223;2244;;6007;;2965;;;27
Macapá;398204;377551;3663;;10827;;6163;;;1600303
Homens;195613;184756;1901;;5758;;3198;;;1600303
Mulheres;202591;192795;1762;;5069;;2965;;;1600303
Santana;101262;98099;1012;;2151;;;;;1600600
Homens;50414;48671;530;;1213;;;;;1600600
Mulheres;50848;49428;482;;938;;;;;1600600
Grande São Luís  MA;1331181;995563;26848;75705;36634;177044;19387;;;23
Homens;628967;465463;13013;36228;18764;85614;9885;;;23
Mulheres;702214;530100;13835;39477;17870;91430;9502;;;23
Alcântara;21851;6399;;;7033;;8419;;;2100204
Homens;11258;3214;;;3724;;4320;;;2100204
Mulheres;10593;3185;;;3309;;4099;;;2100204
Paço do Lumiar;105121;3106;;75705;12812;11722;1776;;;2107506
Homens;50910;1536;;36228;6371;5916;859;;;2107506
Mulheres;54211;1570;;39477;6441;5806;917;;;2107506
Raposa;26327;16675;;;1539;8113;;;;2109452
Homens;13121;8327;;;804;3990;;;;2109452
Mulheres;13206;8348;;;735;4123;;;;2109452
São José de Ribamar;163045;37709;;;5572;115193;4571;;;2111201
Homens;78683;18392;;;2922;55051;2318;;;2111201
Mulheres;84362;19317;;;2650;60142;2253;;;2111201
São Luís;1014837;931674;26848;;9678;42016;4621;;;2111300
Homens;474995;433994;13013;;4943;20657;2388;;;2111300
Mulheres;539842;497680;13835;;4735;21359;2233;;;2111300
Sudoeste Maranhense  MA;345873;289015;;;21296;;34254;;1308;2102
Homens;168898;139231;;;11550;;17442;;675;2102
Mulheres;176975;149784;;;9746;;16812;;633;2102
Buritirana;14784;4146;;;2498;;7694;;446;2102358
Homens;7536;2014;;;1348;;3940;;234;2102358
Mulheres;7248;2132;;;1150;;3754;;212;2102358
Davinópolis;12579;10487;;;911;;1181;;;2103752
Homens;6271;5166;;;497;;608;;;2103752
Mulheres;6308;5321;;;414;;573;;;2103752
Governador Edison Lobão;15895;6957;;;3505;;5433;;;2104552
Homens;8152;3500;;;1915;;2737;;;2104552
Mulheres;7743;3457;;;1590;;2696;;;2104552
Imperatriz;247505;234547;;;4837;;8121;;;2105302
Homens;119227;112566;;;2551;;4110;;;2105302
Mulheres;128278;121981;;;2286;;4011;;;2105302
João Lisboa;20381;15336;;;1952;;3093;;;2105500
Homens;9977;7379;;;1044;;1554;;;2105500
Mulheres;10404;7957;;;908;;1539;;;2105500
Montes Altos;9413;5126;;;2901;;524;;862;2107001
Homens;4904;2579;;;1613;;271;;441;2107001
Mulheres;4509;2547;;;1288;;253;;421;2107001
Ribamar Fiquene;7318;3677;;;2290;;1351;;;2109551
Homens;3771;1776;;;1285;;710;;;2109551
Mulheres;3547;1901;;;1005;;641;;;2109551
Senador La Rocque;17998;8739;;;2402;;6857;;;2111763
Homens;9060;4251;;;1297;;3512;;;2111763
Mulheres;8938;4488;;;1105;;3345;;;2111763
Cariri  CE;564478;436326;8573;;110195;;9384;;;2302
Homens;270656;206322;4193;;55471;;4670;;;2302
Mulheres;293822;230004;4380;;54724;;4714;;;2302
Barbalha;55323;38022;;;16786;;515;;;2301901
Homens;26904;18264;;;8398;;242;;;2301901
Mulheres;28419;19758;;;8388;;273;;;2301901
Caririaçu;26393;14031;;;11339;;1023;;;2303204
Homens;12812;6677;;;5646;;489;;;2303204
Mulheres;13581;7354;;;5693;;534;;;2303204
Crato;121428;92343;8573;;17671;;2841;;;2304202
Homens;57616;43092;4193;;8921;;1410;;;2304202
Mulheres;63812;49251;4380;;8750;;1431;;;2304202
Farias Brito;19007;8871;;;8588;;1548;;;2304301
Homens;9329;4197;;;4338;;794;;;2304301
Mulheres;9678;4674;;;4250;;754;;;2304301
Jardim;26688;8994;;;16214;;1480;;;2307106
Homens;13067;4258;;;8083;;726;;;2307106
Mulheres;13621;4736;;;8131;;754;;;2307106
Juazeiro do Norte;249939;240128;;;8905;;906;;;2307304
Homens;118353;113409;;;4472;;472;;;2307304
Mulheres;131586;126719;;;4433;;434;;;2307304
Missão Velha;34274;15419;;;17784;;1071;;;2308401
Homens;16915;7410;;;8968;;537;;;2308401
Mulheres;17359;8009;;;8816;;534;;;2308401
Nova Olinda;14256;9696;;;4560;;;;;2309201
Homens;7020;4688;;;2332;;;;;2309201
Mulheres;7236;5008;;;2228;;;;;2309201
Santana do Cariri;17170;8822;;;8348;;;;;2312106
Homens;8640;4327;;;4313;;;;;2312106
Mulheres;8530;4495;;;4035;;;;;2312106
Fortaleza  CE;3615767;3383886;90095;1133;129676;4843;5182;952;;2
Homens;1724397;1604230;45846;584;68158;2488;2618;473;;2
Mulheres;1891370;1779656;44249;549;61518;2355;2564;479;;2
Aquiraz;72628;26508;39442;1133;5545;;;;;2301000
Homens;37130;13129;20223;584;3194;;;;;2301000
Mulheres;35498;13379;19219;549;2351;;;;;2301000
Cascavel;66142;38997;17160;;9985;;;;;2303501
Homens;32887;18903;8755;;5229;;;;;2303501
Mulheres;33255;20094;8405;;4756;;;;;2303501
Caucaia;325441;277497;12723;;35221;;;;;2303709
Homens;159598;134797;6413;;18388;;;;;2303709
Mulheres;165843;142700;6310;;16833;;;;;2303709
Chorozinho;18915;11426;;;6537;;;952;;2303956
Homens;9600;5725;;;3402;;;473;;2303956
Mulheres;9315;5701;;;3135;;;479;;2303956
Eusébio;46033;41556;4477;;;;;;;2304285
Homens;22951;20731;2220;;;;;;;2304285
Mulheres;23082;20825;2257;;;;;;;2304285
Fortaleza;2452185;2452185;;;;;;;;2304400
Homens;1147918;1147918;;;;;;;;2304400
Mulheres;1304267;1304267;;;;;;;;2304400
Guaiúba;24091;18877;;;5214;;;;;2304954
Homens;12139;9414;;;2725;;;;;2304954
Mulheres;11952;9463;;;2489;;;;;2304954
Horizonte;55187;43575;7474;;4138;;;;;2305233
Homens;27532;21607;3728;;2197;;;;;2305233
Mulheres;27655;21968;3746;;1941;;;;;2305233
Itaitinga;35817;35565;;;252;;;;;2306256
Homens;18288;18146;;;142;;;;;2306256
Mulheres;17529;17419;;;110;;;;;2306256
Maracanaú;209057;207623;;;900;534;;;;2307650
Homens;102078;101354;;;457;267;;;;2307650
Mulheres;106979;106269;;;443;267;;;;2307650
Maranguape;113561;86309;;;23775;1213;2264;;;2307700
Homens;56619;42194;;;12652;633;1140;;;2307700
Mulheres;56942;44115;;;11123;580;1124;;;2307700
Pacajus;61838;47816;2859;;11163;;;;;2309607
Homens;30370;23186;1434;;5750;;;;;2309607
Mulheres;31468;24630;1425;;5413;;;;;2309607
Pacatuba;72299;62095;;;7286;;2918;;;2309706
Homens;35599;30360;;;3761;;1478;;;2309706
Mulheres;36700;31735;;;3525;;1440;;;2309706
Pindoretama;18683;11280;;;7403;;;;;2310852
Homens;9340;5519;;;3821;;;;;2310852
Mulheres;9343;5761;;;3582;;;;;2310852
São Gonçalo do Amarante;43890;22577;5960;;12257;3096;;;;2312403
Homens;22348;11247;3073;;6440;1588;;;;2312403
Mulheres;21542;11330;2887;;5817;1508;;;;2312403
Natal  RN;1351004;1192202;13306;9989;64972;10505;54222;;5808;10
Homens;646259;565095;6697;5002;33648;5265;27456;;3096;10
Mulheres;704745;627107;6609;4987;31324;5240;26766;;2712;10
CearáMirim;68141;35494;;;13183;82;15245;;4137;2402600
Homens;33747;16954;;;6870;36;7674;;2213;2402600
Mulheres;34394;18540;;;6313;46;7571;;1924;2402600
Extremoz;24569;9403;;6366;4241;452;3950;;157;2403608
Homens;12195;4539;;3189;2176;226;1982;;83;2403608
Mulheres;12374;4864;;3177;2065;226;1968;;74;2403608
Macaíba;69467;42631;;;14905;5909;4787;;1235;2407104
Homens;34434;20685;;;7681;3019;2392;;657;2407104
Mulheres;35033;21946;;;7224;2890;2395;;578;2407104
Monte Alegre;20685;9002;;;7042;1124;3517;;;2407807
Homens;10275;4365;;;3619;548;1743;;;2407807
Mulheres;10410;4637;;;3423;576;1774;;;2407807
Natal;803739;803736;3;;;;;;;2408102
Homens;377947;377945;2;;;;;;;2408102
Mulheres;425792;425791;1;;;;;;;2408102
Nísia Floresta;23784;5757;;3623;7579;;6825;;;2408201
Homens;12288;2829;;1813;3980;;3666;;;2408201
Mulheres;11496;2928;;1810;3599;;3159;;;2408201
Parnamirim;202456;202456;;;;;;;;2403251
Homens;96995;96995;;;;;;;;2403251
Mulheres;105461;105461;;;;;;;;2403251
São Gonçalo do Amarante;87668;60796;13303;;4606;1397;7566;;;2412005
Homens;43179;29595;6695;;2403;689;3797;;;2412005
Mulheres;44489;31201;6608;;2203;708;3769;;;2412005
São José de Mipibu;39776;18232;;;11488;1541;8236;;279;2412203
Homens;19844;8834;;;5934;747;4186;;143;2412203
Mulheres;19932;9398;;;5554;794;4050;;136;2412203
Vera Cruz;10719;4695;;;1928;;4096;;;2414803
Homens;5355;2354;;;985;;2016;;;2414803
Mulheres;5364;2341;;;943;;2080;;;2414803
Campina Grande  PB;687039;513539;;6015;137896;16490;13099;;;2502
Homens;330150;243115;;2942;69634;8067;6392;;;2502
Mulheres;356889;270424;;3073;68262;8423;6707;;;2502
Alagoa Nova;19681;9794;;;9459;;428;;;2500403
Homens;9761;4760;;;4793;;208;;;2500403
Mulheres;9920;5034;;;4666;;220;;;2500403
Areial;6470;4600;;;1870;;;;;2501203
Homens;3058;2140;;;918;;;;;2501203
Mulheres;3412;2460;;;952;;;;;2501203
Aroeiras;19082;9531;;;9353;;198;;;2501302
Homens;9222;4493;;;4624;;105;;;2501302
Mulheres;9860;5038;;;4729;;93;;;2501302
Barra de Santana;8206;731;;;5773;160;1542;;;2501575
Homens;4147;367;;;2979;73;728;;;2501575
Mulheres;4059;364;;;2794;87;814;;;2501575
Boa Vista;6227;3208;;;2687;332;;;;2502151
Homens;3085;1526;;;1393;166;;;;2502151
Mulheres;3142;1682;;;1294;166;;;;2502151
Boqueirão;16888;12006;;;4107;168;607;;;2502508
Homens;8323;5785;;;2164;84;290;;;2502508
Mulheres;8565;6221;;;1943;84;317;;;2502508
Campina Grande;385213;367209;;;12699;4057;1248;;;2504009
Homens;182205;173191;;;6427;1968;619;;;2504009
Mulheres;203008;194018;;;6272;2089;629;;;2504009
Caturité;4543;1024;;;2532;;987;;;2504355
Homens;2300;505;;;1301;;494;;;2504355
Mulheres;2243;519;;;1231;;493;;;2504355
Esperança;31095;21631;;;7431;;2033;;;2506004
Homens;15155;10323;;;3822;;1010;;;2506004
Mulheres;15940;11308;;;3609;;1023;;;2506004
Fagundes;11405;5465;;;5940;;;;;2506103
Homens;5607;2607;;;3000;;;;;2506103
Mulheres;5798;2858;;;2940;;;;;2506103
Gado Bravo;8376;908;;;6683;;785;;;2506251
Homens;4133;425;;;3328;;380;;;2506251
Mulheres;4243;483;;;3355;;405;;;2506251
Ingá;18180;11599;;;5537;;1044;;;2506806
Homens;8838;5583;;;2775;;480;;;2506806
Mulheres;9342;6016;;;2762;;564;;;2506806
Itatuba;10201;5955;;;3372;;874;;;2507200
Homens;5049;2908;;;1693;;448;;;2507200
Mulheres;5152;3047;;;1679;;426;;;2507200
Lagoa Seca;25900;9822;;748;11364;3966;;;;2508307
Homens;12743;4679;;362;5741;1961;;;;2508307
Mulheres;13157;5143;;386;5623;2005;;;;2508307
Massaranduba;12902;4484;;;6207;2211;;;;2509206
Homens;6245;2067;;;3080;1098;;;;2509206
Mulheres;6657;2417;;;3127;1113;;;;2509206
Matinhas;4321;682;;;3639;;;;;2509339
Homens;2151;333;;;1818;;;;;2509339
Mulheres;2170;349;;;1821;;;;;2509339
Montadas;4990;3156;;;1834;;;;;2509503
Homens;2482;1528;;;954;;;;;2509503
Mulheres;2508;1628;;;880;;;;;2509503
Pocinhos;17032;9618;;;6823;591;;;;2512002
Homens;8490;4711;;;3491;288;;;;2512002
Mulheres;8542;4907;;;3332;303;;;;2512002
Puxinanã;12923;4217;;;6327;2379;;;;2512408
Homens;6356;1995;;;3205;1156;;;;2512408
Mulheres;6567;2222;;;3122;1223;;;;2512408
Queimadas;41049;16969;;5267;13617;2240;2956;;;2512507
Homens;19936;8045;;2580;6775;1088;1448;;;2512507
Mulheres;21113;8924;;2687;6842;1152;1508;;;2512507
Riachão do Bacamarte;4264;2663;;;1204;;397;;;2512754
Homens;2082;1303;;;597;;182;;;2512754
Mulheres;2182;1360;;;607;;215;;;2512754
São Sebastião de Lagoa de Roça;11041;4659;;;6382;;;;;2515104
Homens;5423;2177;;;3246;;;;;2515104
Mulheres;5618;2482;;;3136;;;;;2515104
Serra Redonda;7050;3608;;;3056;386;;;;2515807
Homens;3359;1664;;;1510;185;;;;2515807
Mulheres;3691;1944;;;1546;201;;;;2515807
João Pessoa  PB;1198576;1112653;;3391;47248;2952;29975;;2357;28
Homens;569086;525235;;1662;24402;1474;15080;;1233;28
Mulheres;629490;587418;;1729;22846;1478;14895;;1124;28
Alhandra;18007;11153;;;2860;;3994;;;2500601
Homens;8864;5410;;;1491;;1963;;;2500601
Mulheres;9143;5743;;;1369;;2031;;;2500601
Bayeux;99716;98793;;;923;;;;;2501807
Homens;47736;47272;;;464;;;;;2501807
Mulheres;51980;51521;;;459;;;;;2501807
Caaporã;20362;17548;;;2464;;350;;;2503001
Homens;10090;8664;;;1260;;166;;;2503001
Mulheres;10272;8884;;;1204;;184;;;2503001
Cabedelo;57944;57936;;;8;;;;;2503209
Homens;27630;27625;;;5;;;;;2503209
Mulheres;30314;30311;;;3;;;;;2503209
Conde;21400;14487;;;2898;1510;2505;;;2504603
Homens;10763;7224;;;1526;768;1245;;;2504603
Mulheres;10637;7263;;;1372;742;1260;;;2504603
Cruz do Espírito Santo;16257;4049;;3391;6306;;2511;;;2504900
Homens;8093;1952;;1662;3225;;1254;;;2504900
Mulheres;8164;2097;;1729;3081;;1257;;;2504900
João Pessoa;723515;720785;;;1655;1075;;;;2507507
Homens;337783;336409;;;844;530;;;;2507507
Mulheres;385732;384376;;;811;545;;;;2507507
Lucena;11730;10152;;;1578;;;;;2508604
Homens;5832;4989;;;843;;;;;2508604
Mulheres;5898;5163;;;735;;;;;2508604
Mamanguape;42303;34234;;;5449;367;2068;;185;2508901
Homens;20790;16620;;;2831;176;1063;;100;2508901
Mulheres;21513;17614;;;2618;191;1005;;85;2508901
Pedras de Fogo;27032;16358;;;9513;;1161;;;2511202
Homens;13467;7968;;;4916;;583;;;2511202
Mulheres;13565;8390;;;4597;;578;;;2511202
Pitimbu;17024;10384;;;2598;;1870;;2172;2511905
Homens;8609;5159;;;1370;;947;;1133;2511905
Mulheres;8415;5225;;;1228;;923;;1039;2511905
Rio Tinto;22976;13057;;;5477;;4442;;;2512903
Homens;11310;6240;;;2807;;2263;;;2512903
Mulheres;11666;6817;;;2670;;2179;;;2512903
Santa Rita;120310;103717;;;5519;;11074;;;2513703
Homens;58119;49703;;;2820;;5596;;;2513703
Mulheres;62191;54014;;;2699;;5478;;;2513703
Recife  PE;3690547;3559616;21563;7997;64169;13840;16503;1731;5128;3
Homens;1736703;1668076;10533;4069;35325;6858;8181;873;2788;3
Mulheres;1953844;1891540;11030;3928;28844;6982;8322;858;2340;3
Abreu e Lima;94429;86625;;;4554;;3066;;184;2600054
Homens;45125;41238;;;2299;;1488;;100;2600054
Mulheres;49304;45387;;;2255;;1578;;84;2600054
Araçoiaba;18156;15268;;;951;1307;630;;;2601052
Homens;9027;7498;;;539;658;332;;;2601052
Mulheres;9129;7770;;;412;649;298;;;2601052
Cabo de Santo Agostinho;185025;164159;3624;;11354;3127;1927;471;363;2602902
Homens;90859;80111;1806;;5995;1555;959;246;187;2602902
Mulheres;94166;84048;1818;;5359;1572;968;225;176;2602902
Camaragibe;144466;140834;3632;;;;;;;2603454
Homens;69212;67402;1810;;;;;;;2603454
Mulheres;75254;73432;1822;;;;;;;2603454
Igarassu;102021;93931;;;5633;830;503;;1124;2606804
Homens;49316;45182;;;2855;413;260;;606;2606804
Mulheres;52705;48749;;;2778;417;243;;518;2606804
Ilha de Itamaracá;21884;16993;;;3763;1128;;;;2607604
Homens;12564;8306;;;3670;588;;;;2607604
Mulheres;9320;8687;;;93;540;;;;2607604
Ipojuca;80637;52441;;7278;13579;;5223;1260;856;2607208
Homens;39890;25451;;3686;7070;;2572;627;484;2607208
Mulheres;40747;26990;;3592;6509;;2651;633;372;2607208
Itapissuma;23769;18320;;;1228;;4221;;;2607752
Homens;12007;8827;;;1092;;2088;;;2607752
Mulheres;11762;9493;;;136;;2133;;;2607752
Jaboatão dos Guararapes;644620;629110;1485;;6577;7448;;;;2607901
Homens;304850;297200;703;;3303;3644;;;;2607901
Mulheres;339770;331910;782;;3274;3804;;;;2607901
Moreno;56696;48998;480;719;4940;;;;1559;2609402
Homens;27664;23581;238;383;2645;;;;817;2609402
Mulheres;29032;25417;242;336;2295;;;;742;2609402
Olinda;377779;370332;;;7447;;;;;2609600
Homens;174724;171066;;;3658;;;;;2609600
Mulheres;203055;199266;;;3789;;;;;2609600
Paulista;300466;288124;12342;;;;;;;2610707
Homens;141630;135654;5976;;;;;;;2610707
Mulheres;158836;152470;6366;;;;;;;2610707
Recife;1537704;1537704;;;;;;;;2611606
Homens;709819;709819;;;;;;;;2611606
Mulheres;827885;827885;;;;;;;;2611606
São Lourenço da Mata;102895;96777;;;4143;;933;;1042;2613701
Homens;50016;46741;;;2199;;482;;594;2613701
Mulheres;52879;50036;;;1944;;451;;448;2613701
Agreste  AL;601049;319566;;11882;186913;7596;72940;;2152;2702
Homens;291903;151195;;5778;93768;3673;36438;;1051;2702
Mulheres;309146;168371;;6104;93145;3923;36502;;1101;2702
Arapiraca;214006;171612;;9869;19748;4472;8065;;240;2700300
Homens;101884;80897;;4785;9934;2149;4004;;115;2700300
Mulheres;112122;90715;;5084;9814;2323;4061;;125;2700300
Belém;4551;1872;;;1925;471;283;;;2700805
Homens;2222;887;;;954;236;145;;;2700805
Mulheres;2329;985;;;971;235;138;;;2700805
Campo Grande;9032;4185;;;4604;;243;;;2701506
Homens;4437;1989;;;2320;;128;;;2701506
Mulheres;4595;2196;;;2284;;115;;;2701506
Coité do Nóia;10926;3737;;;6287;;902;;;2702009
Homens;5422;1790;;;3170;;462;;;2702009
Mulheres;5504;1947;;;3117;;440;;;2702009
Craíbas;22641;7328;;;11378;;3935;;;2702355
Homens;11157;3544;;;5700;;1913;;;2702355
Mulheres;11484;3784;;;5678;;2022;;;2702355
Estrela de Alagoas;17251;4029;;;12096;;1126;;;2702553
Homens;8404;1918;;;5944;;542;;;2702553
Mulheres;8847;2111;;;6152;;584;;;2702553
Feira Grande;21321;3421;;;10981;1086;4761;;1072;2702603
Homens;10561;1615;;;5498;536;2377;;535;2702603
Mulheres;10760;1806;;;5483;550;2384;;537;2702603
Girau do Ponciano;36600;11298;;;11848;945;12275;;234;2702900
Homens;18165;5423;;;5984;453;6197;;108;2702900
Mulheres;18435;5875;;;5864;492;6078;;126;2702900
Igaci;25188;6184;;;15115;;3889;;;2703106
Homens;12270;2863;;;7515;;1892;;;2703106
Mulheres;12918;3321;;;7600;;1997;;;2703106
Jaramataia;5558;2913;;;1420;;1225;;;2703700
Homens;2805;1432;;;747;;626;;;2703700
Mulheres;2753;1481;;;673;;599;;;2703700
Junqueiro;23836;7803;;;10421;;5612;;;2704005
Homens;11743;3732;;;5234;;2777;;;2704005
Mulheres;12093;4071;;;5187;;2835;;;2704005
Lagoa da Canoa;18250;9165;;;7083;;2002;;;2704104
Homens;8971;4404;;;3567;;1000;;;2704104
Mulheres;9279;4761;;;3516;;1002;;;2704104
Limoeiro de Anadia;26992;2246;;;15442;;9304;;;2704203
Homens;13424;1066;;;7732;;4626;;;2704203
Mulheres;13568;1180;;;7710;;4678;;;2704203
Olho d'Água Grande;4957;1203;;;2674;;1080;;;2705903
Homens;2463;567;;;1357;;539;;;2705903
Mulheres;2494;636;;;1317;;541;;;2705903
Palmeira dos Índios;70368;51610;;;16953;;1805;;;2706307
Homens;33582;24172;;;8512;;898;;;2706307
Mulheres;36786;27438;;;8441;;907;;;2706307
São Brás;6718;3183;;;1007;396;2132;;;2708204
Homens;3334;1560;;;518;180;1076;;;2708204
Mulheres;3384;1623;;;489;216;1056;;;2708204
São Sebastião;32010;12309;;;14802;;4293;;606;2708808
Homens;15851;5989;;;7417;;2152;;293;2708808
Mulheres;16159;6320;;;7385;;2141;;313;2708808
Tanque d'Arca;6122;2140;;;3103;226;653;;;2709004
Homens;3020;1014;;;1557;119;330;;;2709004
Mulheres;3102;1126;;;1546;107;323;;;2709004
Taquarana;19020;7314;;;10577;;1129;;;2709103
Homens;9237;3449;;;5232;;556;;;2709103
Mulheres;9783;3865;;;5345;;573;;;2709103
Traipu;25702;6014;;2013;9449;;8226;;;2709202
Homens;12951;2884;;993;4876;;4198;;;2709202
Mulheres;12751;3130;;1020;4573;;4028;;;2709202
Maceió  AL;1156364;1117978;420;12883;10934;9265;1429;3455;;13
Homens;546034;526801;223;6183;5821;4526;730;1750;;13
Mulheres;610330;591177;197;6700;5113;4739;699;1705;;13
Barra de Santo Antônio;14230;13242;;;988;;;;;2700508
Homens;7077;6547;;;530;;;;;2700508
Mulheres;7153;6695;;;458;;;;;2700508
Barra de São Miguel;7574;6521;;;656;;397;;;2700607
Homens;3763;3220;;;340;;203;;;2700607
Mulheres;3811;3301;;;316;;194;;;2700607
Coqueiro Seco;5526;4973;;;386;;167;;;2702207
Homens;2756;2467;;;201;;88;;;2702207
Mulheres;2770;2506;;;185;;79;;;2702207
Maceió;932748;932103;26;;619;;;;;2704302
Homens;436492;436126;16;;350;;;;;2704302
Mulheres;496256;495977;10;;269;;;;;2704302
Marechal Deodoro;45977;43369;23;;2585;;;;;2704708
Homens;22709;21345;14;;1350;;;;;2704708
Mulheres;23268;22024;9;;1235;;;;;2704708
Messias;15682;14263;;;630;;;789;;2705200
Homens;7703;6955;;;361;;;387;;2705200
Mulheres;7979;7308;;;269;;;402;;2705200
Paripueira;11347;10049;;;1298;;;;;2706448
Homens;5590;4888;;;702;;;;;2706448
Mulheres;5757;5161;;;596;;;;;2706448
Pilar;33305;31801;;;1244;;;260;;2706901
Homens;16167;15359;;;669;;;139;;2706901
Mulheres;17138;16442;;;575;;;121;;2706901
Rio Largo;68481;46896;371;8680;1437;8805;574;1718;;2707701
Homens;33301;22713;193;4184;747;4299;290;875;;2707701
Mulheres;35180;24183;178;4496;690;4506;284;843;;2707701
Santa Luzia do Norte;6891;6172;;;259;460;;;;2707909
Homens;3370;3005;;;138;227;;;;2707909
Mulheres;3521;3167;;;121;233;;;;2707909
Satuba;14603;8589;;4203;832;;291;688;;2708907
Homens;7106;4176;;1999;433;;149;349;;2708907
Mulheres;7497;4413;;2204;399;;142;339;;2708907
Aracaju  SE;835816;615918;1405;197200;11355;2697;5476;;1765;29
Homens;394382;287197;700;95462;6036;1356;2712;;919;29
Mulheres;441434;328721;705;101738;5319;1341;2764;;846;29
Aracaju;571149;569744;1405;;;;;;;2800308
Homens;265484;264784;700;;;;;;;2800308
Mulheres;305665;304960;705;;;;;;;2800308
Barra dos Coqueiros;24976;20886;;;1517;;2278;;295;2800605
Homens;12212;10131;;;787;;1130;;164;2800605
Mulheres;12764;10755;;;730;;1148;;131;2800605
Nossa Senhora do Socorro;160827;3498;;152325;2912;1822;270;;;2804805
Homens;78287;1704;;74003;1521;919;140;;;2804805
Mulheres;82540;1794;;78322;1391;903;130;;;2804805
São Cristóvão;78864;21790;;44875;6926;875;2928;;1470;2806701
Homens;38399;10578;;21459;3728;437;1442;;755;2806701
Mulheres;40465;11212;;23416;3198;438;1486;;715;2806701
Salvador  BA;3573973;3436366;;69786;60415;1836;5152;418;;4
Homens;1690155;1619735;;35035;31506;917;2745;217;;4
Mulheres;1883818;1816631;;34751;28909;919;2407;201;;4
Camaçari;242970;196348;;35625;9654;;1343;;;2905701
Homens;120704;96792;;18082;5116;;714;;;2905701
Mulheres;122266;99556;;17543;4538;;629;;;2905701
Candeias;83158;74887;;1107;7164;;;;;2906501
Homens;40314;36062;;544;3708;;;;;2906501
Mulheres;42844;38825;;563;3456;;;;;2906501
Dias d'Ávila;66440;62473;;;2654;;1313;;;2910057
Homens;32818;30734;;;1382;;702;;;2910057
Mulheres;33622;31739;;;1272;;611;;;2910057
Itaparica;20725;20725;;;;;;;;2916104
Homens;10166;10166;;;;;;;;2916104
Mulheres;10559;10559;;;;;;;;2916104
Lauro de Freitas;163449;163449;;;;;;;;2919207
Homens;79276;79276;;;;;;;;2919207
Mulheres;84173;84173;;;;;;;;2919207
Madre de Deus;17376;16854;;;522;;;;;2919926
Homens;8377;8117;;;260;;;;;2919926
Mulheres;8999;8737;;;262;;;;;2919926
Mata de São João;40183;27638;;2187;9675;;265;418;;2921005
Homens;19879;13382;;1072;5074;;134;217;;2921005
Mulheres;20304;14256;;1115;4601;;131;201;;2921005
Pojuca;33066;28378;;;4688;;;;;2925204
Homens;16078;13603;;;2475;;;;;2925204
Mulheres;16988;14775;;;2213;;;;;2925204
Salvador;2675656;2674923;;;733;;;;;2927408
Homens;1248897;1248513;;;384;;;;;2927408
Mulheres;1426759;1426410;;;349;;;;;2927408
São Francisco do Conde;33183;23908;;3483;5792;;;;;2929206
Homens;16203;11644;;1696;2863;;;;;2929206
Mulheres;16980;12264;;1787;2929;;;;;2929206
São Sebastião do Passé;42153;33112;;;8783;;258;;;2929503
Homens;20708;15941;;;4642;;125;;;2929503
Mulheres;21445;17171;;;4141;;133;;;2929503
Simões Filho;118047;95043;;10768;9023;1836;1377;;;2930709
Homens;58013;46312;;5312;4695;917;777;;;2930709
Mulheres;60034;48731;;5456;4328;919;600;;;2930709
Vera Cruz;37567;18628;;16616;1727;;596;;;2933208
Homens;18722;9193;;8329;907;;293;;;2933208
Mulheres;18845;9435;;8287;820;;303;;;2933208
Belo Horizonte  MG;5414701;5115006;62262;106062;91916;28302;9848;;1305;5
Homens;2605409;2448201;33661;53919;49759;14132;5066;;671;5
Mulheres;2809292;2666805;28601;52143;42157;14170;4782;;634;5
Baldim;7913;5067;;;1882;;964;;;3105004
Homens;3941;2456;;;993;;492;;;3105004
Mulheres;3972;2611;;;889;;472;;;3105004
Barão de Cocais;28442;25215;571;;2317;;339;;;3105400
Homens;14070;12415;261;;1220;;174;;;3105400
Mulheres;14372;12800;310;;1097;;165;;;3105400
Belo Horizonte;2375151;2374877;274;;;;;;;3106200
Homens;1113513;1113379;134;;;;;;;3106200
Mulheres;1261638;1261498;140;;;;;;;3106200
Belo Vale;7536;3295;;;4241;;;;;3106408
Homens;3776;1607;;;2169;;;;;3106408
Mulheres;3760;1688;;;2072;;;;;3106408
Betim;378089;373310;2021;;2758;;;;;3106705
Homens;186352;183554;1356;;1442;;;;;3106705
Mulheres;191737;189756;665;;1316;;;;;3106705
Bonfim;6818;3332;;;3486;;;;;3108107
Homens;3423;1623;;;1800;;;;;3108107
Mulheres;3395;1709;;;1686;;;;;3108107
Brumadinho;33973;19963;895;7784;4711;527;;;93;3109006
Homens;17023;9793;454;3961;2488;277;;;50;3109006
Mulheres;16950;10170;441;3823;2223;250;;;43;3109006
Caeté;40750;35436;;;4623;;511;;180;3110004
Homens;19827;17078;;;2396;;252;;101;3110004
Mulheres;20923;18358;;;2227;;259;;79;3110004
Capim Branco;8881;8090;;;561;;230;;;3112505
Homens;4414;3984;;;314;;116;;;3112505
Mulheres;4467;4106;;;247;;114;;;3112505
Confins;5936;5416;520;;;;;;;3117876
Homens;2923;2661;262;;;;;;;3117876
Mulheres;3013;2755;258;;;;;;;3117876
Contagem;603442;550999;3938;46463;1015;1027;;;;3118601
Homens;292798;265990;1991;23728;559;530;;;;3118601
Mulheres;310644;285009;1947;22735;456;497;;;;3118601
Esmeraldas;60271;25899;1242;29074;3987;69;;;;3124104
Homens;30270;12725;644;14751;2117;33;;;;3124104
Mulheres;30001;13174;598;14323;1870;36;;;;3124104
Florestal;6600;5050;;454;1096;;;;;3126000
Homens;3245;2429;;231;585;;;;;3126000
Mulheres;3355;2621;;223;511;;;;;3126000
Fortuna de Minas;2705;1865;;;840;;;;;3126406
Homens;1394;945;;;449;;;;;3126406
Mulheres;1311;920;;;391;;;;;3126406
Funilândia;3855;2029;;;998;;828;;;3127206
Homens;1958;996;;;547;;415;;;3127206
Mulheres;1897;1033;;;451;;413;;;3127206
Ibirité;158954;158471;119;;364;;;;;3129806
Homens;77839;77580;64;;195;;;;;3129806
Mulheres;81115;80891;55;;169;;;;;3129806
Igarapé;34851;32661;;;2190;;;;;3130101
Homens;17520;16360;;;1160;;;;;3130101
Mulheres;17331;16301;;;1030;;;;;3130101
Inhaúma;5760;4206;;;1554;;;;;3131000
Homens;2909;2098;;;811;;;;;3131000
Mulheres;2851;2108;;;743;;;;;3131000
Itabirito;45449;42191;184;1191;1737;;;;146;3131901
Homens;22337;20588;103;632;944;;;;70;3131901
Mulheres;23112;21603;81;559;793;;;;76;3131901
Itaguara;12372;9526;;;2625;;221;;;3132206
Homens;6267;4700;;;1457;;110;;;3132206
Mulheres;6105;4826;;;1168;;111;;;3132206
Itatiaiuçu;9928;6221;;;2984;;723;;;3133709
Homens;5043;3066;;;1616;;361;;;3133709
Mulheres;4885;3155;;;1368;;362;;;3133709
Itaúna;85463;80392;59;;4004;;1008;;;3133808
Homens;42099;39394;34;;2131;;540;;;3133808
Mulheres;43364;40998;25;;1873;;468;;;3133808
Jaboticatubas;17134;6626;2831;1283;5749;76;513;;56;3134608
Homens;8705;3244;1366;707;3060;34;260;;34;3134608
Mulheres;8429;3382;1465;576;2689;42;253;;22;3134608
Juatuba;22202;19499;2328;;375;;;;;3136652
Homens;11217;9798;1225;;194;;;;;3136652
Mulheres;10985;9701;1103;;181;;;;;3136652
Lagoa Santa;52520;44890;2427;1632;1276;2295;;;;3137601
Homens;25735;21854;1207;823;651;1200;;;;3137601
Mulheres;26785;23036;1220;809;625;1095;;;;3137601
Mário Campos;13192;10957;1501;;734;;;;;3140159
Homens;6641;5488;770;;383;;;;;3140159
Mulheres;6551;5469;731;;351;;;;;3140159
Mateus Leme;27856;23831;848;;2651;;526;;;3140704
Homens;13813;11733;428;;1376;;276;;;3140704
Mulheres;14043;12098;420;;1275;;250;;;3140704
Matozinhos;33955;30877;;;1522;1556;;;;3141108
Homens;16758;15180;;;818;760;;;;3141108
Mulheres;17197;15697;;;704;796;;;;3141108
Moeda;4689;1789;;;2714;;186;;;3142304
Homens;2343;857;;;1390;;96;;;3142304
Mulheres;2346;932;;;1324;;90;;;3142304
Nova Lima;80998;73908;5324;;628;1138;;;;3144805
Homens;39151;35534;2695;;353;569;;;;3144805
Mulheres;41847;38374;2629;;275;569;;;;3144805
Nova União;5555;1443;;1429;1879;118;686;;;3136603
Homens;2796;683;;722;967;64;360;;;3136603
Mulheres;2759;760;;707;912;54;326;;;3136603
Pará de Minas;84215;79025;509;65;3980;;636;;;3147105
Homens;41639;38741;258;36;2279;;325;;;3147105
Mulheres;42576;40284;251;29;1701;;311;;;3147105
Pedro Leopoldo;58740;45485;1303;3165;2003;6784;;;;3149309
Homens;28746;22125;670;1568;1050;3333;;;;3149309
Mulheres;29994;23360;633;1597;953;3451;;;;3149309
Prudente de Morais;9573;9122;77;;374;;;;;3153608
Homens;4736;4484;45;;207;;;;;3153608
Mulheres;4837;4638;32;;167;;;;;3153608
Raposos;15342;14433;119;;235;555;;;;3153905
Homens;7386;6949;52;;126;259;;;;3153905
Mulheres;7956;7484;67;;109;296;;;;3153905
Ribeirão das Neves;296317;272088;22065;;37;2127;;;;3154606
Homens;146982;132900;12998;;20;1064;;;;3154606
Mulheres;149335;139188;9067;;17;1063;;;;3154606
Rio Acima;9090;7944;;;633;513;;;;3154804
Homens;4469;3880;;;333;256;;;;3154804
Mulheres;4621;4064;;;300;257;;;;3154804
Rio Manso;5276;2810;;;2020;;446;;;3155306
Homens;2773;1438;;;1095;;240;;;3155306
Mulheres;2503;1372;;;925;;206;;;3155306
Sabará;126269;113195;1131;8758;3185;;;;;3156700
Homens;60828;54176;553;4351;1748;;;;;3156700
Mulheres;65441;59019;578;4407;1437;;;;;3156700
Santa Bárbara;27876;24794;;;2012;1070;;;;3157203
Homens;13670;12104;;;1044;522;;;;3157203
Mulheres;14206;12690;;;968;548;;;;3157203
Santa Luzia;202942;195589;6789;;564;;;;;3157807
Homens;98485;94716;3486;;283;;;;;3157807
Mulheres;104457;100873;3303;;281;;;;;3157807
São Joaquim de Bicas;25537;18599;;;3697;3241;;;;3162922
Homens;13741;9280;;;2835;1626;;;;3162922
Mulheres;11796;9319;;;862;1615;;;;3162922
São José da Lapa;19799;10408;;992;647;7206;546;;;3162955
Homens;9826;5092;;488;362;3605;279;;;3162955
Mulheres;9973;5316;;504;285;3601;267;;;3162955
São José da Varginha;4198;2372;;;1402;;424;;;3163102
Homens;2133;1164;;;744;;225;;;3163102
Mulheres;2065;1208;;;658;;199;;;3163102
Sarzedo;25814;24934;598;;282;;;;;3165537
Homens;12871;12413;304;;154;;;;;3165537
Mulheres;12943;12521;294;;128;;;;;3165537
Sete Lagoas;214152;204546;933;3477;3588;;778;;830;3167202
Homens;103991;99024;476;1763;1917;;395;;416;3167202
Mulheres;110161;105522;457;1714;1671;;383;;414;3167202
Taquaraçu de Minas;3794;1460;;295;1756;;283;;;3168309
Homens;2027;742;;158;977;;150;;;3168309
Mulheres;1767;718;;137;779;;133;;;3168309
Vespasiano;104527;100871;3656;;;;;;;3171204
Homens;51006;49181;1825;;;;;;;3171204
Mulheres;53521;51690;1831;;;;;;;3171204
Vale do Aço  MG;615297;539851;3624;19499;44866;2805;4262;390;;14
Homens;300645;262090;1805;9760;23220;1408;2150;212;;14
Mulheres;314652;277761;1819;9739;21646;1397;2112;178;;14
Açucena;10276;4805;;;5139;;332;;;3100500
Homens;5228;2366;;;2691;;171;;;3100500
Mulheres;5048;2439;;;2448;;161;;;3100500
Antônio Dias;9565;4308;;364;4167;;386;340;;3103009
Homens;4829;2077;;186;2176;;208;182;;3103009
Mulheres;4736;2231;;178;1991;;178;158;;3103009
Belo Oriente;23397;19682;;;3715;;;;;3106309
Homens;11621;9762;;;1859;;;;;3106309
Mulheres;11776;9920;;;1856;;;;;3106309
Braúnas;5030;1593;;;3387;;;50;;3108800
Homens;2463;743;;;1690;;;30;;3108800
Mulheres;2567;850;;;1697;;;20;;3108800
Bugre;3992;1531;;;1295;;1166;;;3109253
Homens;2030;754;;;692;;584;;;3109253
Mulheres;1962;777;;;603;;582;;;3109253
Coronel Fabriciano;103694;102276;119;;731;;568;;;3119401
Homens;50035;49322;56;;375;;282;;;3119401
Mulheres;53659;52954;63;;356;;286;;;3119401
Córrego Novo;3127;2038;;;1089;;;;;3120003
Homens;1555;994;;;561;;;;;3120003
Mulheres;1572;1044;;;528;;;;;3120003
Dionísio;8739;7165;;;1574;;;;;3121803
Homens;4301;3484;;;817;;;;;3121803
Mulheres;4438;3681;;;757;;;;;3121803
Dom Cavati;5209;4607;;;602;;;;;3122504
Homens;2536;2224;;;312;;;;;3122504
Mulheres;2673;2383;;;290;;;;;3122504
Entre Folhas;5175;3889;;;1286;;;;;3123858
Homens;2570;1908;;;662;;;;;3123858
Mulheres;2605;1981;;;624;;;;;3123858
Iapu;10315;7164;;;3151;;;;;3129301
Homens;5132;3469;;;1663;;;;;3129301
Mulheres;5183;3695;;;1488;;;;;3129301
Ipaba;16708;15028;;;1073;;607;;;3131158
Homens;8411;7533;;;588;;290;;;3131158
Mulheres;8297;7495;;;485;;317;;;3131158
Ipatinga;239468;236968;;;962;1538;;;;3131307
Homens;116209;114954;;;487;768;;;;3131307
Mulheres;123259;122014;;;475;770;;;;3131307
Jaguaraçu;2990;2138;;;852;;;;;3135001
Homens;1508;1061;;;447;;;;;3135001
Mulheres;1482;1077;;;405;;;;;3135001
Joanésia;5425;2062;;;3153;;210;;;3136108
Homens;2699;1002;;;1588;;109;;;3136108
Mulheres;2726;1060;;;1565;;101;;;3136108
Marliéria;4012;2844;;;1168;;;;;3140308
Homens;1997;1423;;;574;;;;;3140308
Mulheres;2015;1421;;;594;;;;;3140308
Mesquita;6069;3819;;;2250;;;;;3141702
Homens;3029;1863;;;1166;;;;;3141702
Mulheres;3040;1956;;;1084;;;;;3141702
Naque;6341;5961;;;380;;;;;3144359
Homens;3194;2985;;;209;;;;;3144359
Mulheres;3147;2976;;;171;;;;;3144359
Periquito;7036;5289;;;754;;993;;;3149952
Homens;3452;2559;;;387;;506;;;3149952
Mulheres;3584;2730;;;367;;487;;;3149952
Pingod'Água;4420;4035;;;385;;;;;3150539
Homens;2199;1992;;;207;;;;;3150539
Mulheres;2221;2043;;;178;;;;;3150539
Santana do Paraíso;27265;9051;;16200;1261;753;;;;3158953
Homens;13663;4485;;8132;670;376;;;;3158953
Mulheres;13602;4566;;8068;591;377;;;;3158953
São João do Oriente;7874;6325;;;1549;;;;;3162609
Homens;3907;3090;;;817;;;;;3162609
Mulheres;3967;3235;;;732;;;;;3162609
São José do Goiabal;5636;3689;;;1947;;;;;3163409
Homens;2732;1743;;;989;;;;;3163409
Mulheres;2904;1946;;;958;;;;;3163409
Sobrália;5830;4114;;15;1701;;;;;3167707
Homens;2857;1964;;10;883;;;;;3167707
Mulheres;2973;2150;;5;818;;;;;3167707
Timóteo;81243;74702;3502;2920;119;;;;;3168705
Homens;39193;35953;1747;1432;61;;;;;3168705
Mulheres;42050;38749;1755;1488;58;;;;;3168705
Vargem Alegre;6461;4768;3;;1176;514;;;;3170578
Homens;3295;2380;2;;649;264;;;;3170578
Mulheres;3166;2388;1;;527;250;;;;3170578
Grande Vitória  ES;1687704;1636326;20507;2174;19839;8734;124;;;11
Homens;817641;789524;10814;1087;11834;4317;65;;;11
Mulheres;870063;846802;9693;1087;8005;4417;59;;;11
Cariacica;348738;332590;5053;;2528;8567;;;;3201308
Homens;169958;161746;2628;;1343;4241;;;;3201308
Mulheres;178780;170844;2425;;1185;4326;;;;3201308
Fundão;17025;14378;;;2647;;;;;3202207
Homens;8489;7076;;;1413;;;;;3202207
Mulheres;8536;7302;;;1234;;;;;3202207
Guarapari;105286;95753;4775;;4467;167;124;;;3202405
Homens;51494;46516;2469;;2368;76;65;;;3202405
Mulheres;53792;49237;2306;;2099;91;59;;;3202405
Serra;409267;401674;3955;821;2817;;;;;3205002
Homens;201415;197192;2028;421;1774;;;;;3205002
Mulheres;207852;204482;1927;400;1043;;;;;3205002
Viana;65001;56987;1292;1353;5369;;;;;3205101
Homens;33191;27856;953;666;3716;;;;;3205101
Mulheres;31810;29131;339;687;1653;;;;;3205101
Vila Velha;414586;407287;5288;;2011;;;;;3205200
Homens;199146;195264;2662;;1220;;;;;3205200
Mulheres;215440;212023;2626;;791;;;;;3205200
Vitória;327801;327657;144;;;;;;;3205309
Homens;153948;153874;74;;;;;;;3205309
Mulheres;173853;173783;70;;;;;;;3205309
Rio de Janeiro  RJ;11835708;11752169;23576;1752;40946;11831;4674;;760;6
Homens;5603352;5560730;11733;895;21324;5846;2366;;458;6
Mulheres;6232356;6191439;11843;857;19622;5985;2308;;302;6
Belford Roxo;469332;469134;198;;;;;;;3300456
Homens;226757;226658;99;;;;;;;3300456
Mulheres;242575;242476;99;;;;;;;3300456
Duque de Caxias;855048;852124;14;;2724;;186;;;3301702
Homens;411074;409528;9;;1435;;102;;;3301702
Mulheres;443974;442596;5;;1289;;84;;;3301702
Guapimirim;51483;49746;;;819;;918;;;3301850
Homens;25280;24394;;;417;;469;;;3301850
Mulheres;26203;25352;;;402;;449;;;3301850
Itaboraí;218008;207410;8002;;2596;;;;;3301900
Homens;106190;100892;3958;;1340;;;;;3301900
Mulheres;111818;106518;4044;;1256;;;;;3301900
Itaguaí;109091;104209;;;3801;154;927;;;3302007
Homens;54409;51783;;;2065;83;478;;;3302007
Mulheres;54682;52426;;;1736;71;449;;;3302007
Japeri;95492;91313;4179;;;;;;;3302270
Homens;48080;45992;2088;;;;;;;3302270
Mulheres;47412;45321;2091;;;;;;;3302270
Magé;227322;212721;2515;;8234;1209;2643;;;3302502
Homens;110576;103210;1269;;4145;635;1317;;;3302502
Mulheres;116746;109511;1246;;4089;574;1326;;;3302502
Maricá;127461;125491;;;1970;;;;;3302700
Homens;62649;61647;;;1002;;;;;3302700
Mulheres;64812;63844;;;968;;;;;3302700
Mesquita;168376;168290;86;;;;;;;3302858
Homens;79790;79741;49;;;;;;;3302858
Mulheres;88586;88549;37;;;;;;;3302858
Nilópolis;157425;157425;;;;;;;;3303203
Homens;73674;73674;;;;;;;;3303203
Mulheres;83751;83751;;;;;;;;3303203
Niterói;487562;487562;;;;;;;;3303302
Homens;225838;225838;;;;;;;;3303302
Mulheres;261724;261724;;;;;;;;3303302
Nova Iguaçu;796257;787062;501;;8694;;;;;3303500
Homens;381750;377079;257;;4414;;;;;3303500
Mulheres;414507;409983;244;;4280;;;;;3303500
Paracambi;47124;41722;;;3986;656;;;760;3303609
Homens;23793;20785;;;2220;330;;;458;3303609
Mulheres;23331;20937;;;1766;326;;;302;3303609
Queimados;137962;133468;4494;;;;;;;3304144
Homens;66585;64369;2216;;;;;;;3304144
Mulheres;71377;69099;2278;;;;;;;3304144
Rio de Janeiro;6320446;6317451;2995;;;;;;;3304557
Homens;2959817;2958330;1487;;;;;;;3304557
Mulheres;3360629;3359121;1508;;;;;;;3304557
São Gonçalo;999728;998999;;;729;;;;;3304904
Homens;475264;474894;;;370;;;;;3304904
Mulheres;524464;524105;;;359;;;;;3304904
São João de Meriti;458673;458673;;;;;;;;3305109
Homens;218104;218104;;;;;;;;3305109
Mulheres;240569;240569;;;;;;;;3305109
Seropédica;78186;61941;592;1752;4089;9812;;;;3305554
Homens;38433;30249;301;895;2190;4798;;;;3305554
Mulheres;39753;31692;291;857;1899;5014;;;;3305554
Tanguá;30732;27428;;;3304;;;;;3305752
Homens;15289;13563;;;1726;;;;;3305752
Mulheres;15443;13865;;;1578;;;;;3305752
Baixada Santista  SP;1664136;1653640;4056;2979;2754;536;152;19;;12
Homens;796701;790910;2404;1514;1513;279;71;10;;12
Mulheres;867435;862730;1652;1465;1241;257;81;9;;12
Bertioga;47645;46867;;;223;536;;19;;3506359
Homens;23829;23426;;;114;279;;10;;3506359
Mulheres;23816;23441;;;109;257;;9;;3506359
Cubatão;118720;118305;415;;;;;;;3513504
Homens;59229;59009;220;;;;;;;3513504
Mulheres;59491;59296;195;;;;;;;3513504
Guarujá;290752;289498;1198;;56;;;;;3518701
Homens;141711;141075;607;;29;;;;;3518701
Mulheres;149041;148423;591;;27;;;;;3518701
Itanhaém;87057;86116;;126;815;;;;;3522109
Homens;42192;41674;;68;450;;;;;3522109
Mulheres;44865;44442;;58;365;;;;;3522109
Mongaguá;46293;46091;;;202;;;;;3531100
Homens;23098;22997;;;101;;;;;3531100
Mulheres;23195;23094;;;101;;;;;3531100
Peruíbe;59773;59105;;;668;;;;;3537602
Homens;29140;28769;;;371;;;;;3537602
Mulheres;30633;30336;;;297;;;;;3537602
Praia Grande;262051;262051;;;;;;;;3541000
Homens;125926;125926;;;;;;;;3541000
Mulheres;136125;136125;;;;;;;;3541000
Santos;419400;416233;;2853;162;;152;;;3548500
Homens;191912;190308;;1446;87;;71;;;3548500
Mulheres;227488;225925;;1407;75;;81;;;3548500
São Vicente;332445;329374;2443;;628;;;;;3551009
Homens;159664;157726;1577;;361;;;;;3551009
Mulheres;172781;171648;866;;267;;;;;3551009
Campinas  SP;2797137;2656549;52691;16053;40032;23751;1402;393;6266;15
Homens;1373996;1302325;26396;8298;21038;11899;701;211;3128;15
Mulheres;1423141;1354224;26295;7755;18994;11852;701;182;3138;15
Americana;210638;209654;;;591;;;393;;3501608
Homens;103174;102644;;;319;;;211;;3501608
Mulheres;107464;107010;;;272;;;182;;3501608
Artur Nogueira;44177;39909;43;46;3648;187;;;344;3503802
Homens;22075;19855;22;19;1893;104;;;182;3503802
Mulheres;22102;20054;21;27;1755;83;;;162;3503802
Campinas;1080113;1052040;9500;;8444;8380;;;1749;3509502
Homens;520865;506725;4758;;4407;4108;;;867;3509502
Mulheres;559248;545315;4742;;4037;4272;;;882;3509502
Cosmópolis;58827;53836;;798;1999;2194;;;;3512803
Homens;29410;26863;;408;1043;1096;;;;3512803
Mulheres;29417;26973;;390;956;1098;;;;3512803
Engenheiro Coelho;15721;10333;1165;;2153;;;;2070;3515152
Homens;8233;5461;633;;1128;;;;1011;3515152
Mulheres;7488;4872;532;;1025;;;;1059;3515152
Holambra;11299;6185;357;1642;3115;;;;;3519055
Homens;5725;3024;188;877;1636;;;;;3519055
Mulheres;5574;3161;169;765;1479;;;;;3519055
Hortolândia;192692;192330;362;;;;;;;3519071
Homens;97439;97256;183;;;;;;;3519071
Mulheres;95253;95074;179;;;;;;;3519071
Indaiatuba;201619;199075;;517;2027;;;;;3520509
Homens;100178;98840;;261;1077;;;;;3520509
Mulheres;101441;100235;;256;950;;;;;3520509
Itatiba;101471;75378;10288;;4887;9532;;;1386;3523404
Homens;50147;36989;5073;;2571;4799;;;715;3523404
Mulheres;51324;38389;5215;;2316;4733;;;671;3523404
Jaguariúna;44311;37240;4528;1265;1278;;;;;3524709
Homens;22004;18387;2269;669;679;;;;;3524709
Mulheres;22307;18853;2259;596;599;;;;;3524709
Monte Mor;48949;43764;1995;219;869;721;1381;;;3531803
Homens;24472;21822;1010;108;440;402;690;;;3531803
Mulheres;24477;21942;985;111;429;319;691;;;3531803
Nova Odessa;51242;48260;;2147;835;;;;;3533403
Homens;25345;23773;;1128;444;;;;;3533403
Mulheres;25897;24487;;1019;391;;;;;3533403
Paulínia;82146;81555;515;;76;;;;;3536505
Homens;40668;40361;267;;40;;;;;3536505
Mulheres;41478;41194;248;;36;;;;;3536505
Pedreira;41558;32898;8022;289;349;;;;;3537107
Homens;20605;16210;4048;150;197;;;;;3537107
Mulheres;20953;16688;3974;139;152;;;;;3537107
Santa Bárbara d'Oeste;180009;175508;391;2697;1392;;21;;;3545803
Homens;89222;86878;200;1410;723;;11;;;3545803
Mulheres;90787;88630;191;1287;669;;10;;;3545803
Santo Antônio de Posse;20650;18177;;657;1816;;;;;3548005
Homens;10412;9081;;348;983;;;;;3548005
Mulheres;10238;9096;;309;833;;;;;3548005
Sumaré;241311;235441;1609;1420;1601;1240;;;;3552403
Homens;119863;116835;847;699;853;629;;;;3552403
Mulheres;121448;118606;762;721;748;611;;;;3552403
Valinhos;106793;88001;9269;4356;4450;;;;717;3556206
Homens;52676;43127;4626;2221;2349;;;;353;3556206
Mulheres;54117;44874;4643;2135;2101;;;;364;3556206
Vinhedo;63611;56965;4647;;502;1497;;;;3556701
Homens;31483;28194;2272;;256;761;;;;3556701
Mulheres;32128;28771;2375;;246;736;;;;3556701
São Paulo  SP;19683975;19091568;253841;113479;146008;71039;5604;23;2413;7
Homens;9433605;9130119;128841;57193;78348;35153;2732;14;1205;7
Mulheres;10250370;9961449;125000;56286;67660;35886;2872;9;1208;7
Arujá;74905;71916;;;2952;;;;37;3503901
Homens;36939;35341;;;1579;;;;19;3503901
Mulheres;37966;36575;;;1373;;;;18;3503901
Barueri;240749;240294;455;;;;;;;3505708
Homens;117051;116843;208;;;;;;;3505708
Mulheres;123698;123451;247;;;;;;;3505708
BiritibaMirim;28575;19211;5314;;4050;;;;;3506607
Homens;14413;9572;2750;;2091;;;;;3506607
Mulheres;14162;9639;2564;;1959;;;;;3506607
Caieiras;86529;82850;;1536;867;;;;1276;3509007
Homens;42298;40413;;801;445;;;;639;3509007
Mulheres;44231;42437;;735;422;;;;637;3509007
Cajamar;64114;58916;3907;;1291;;;;;3509205
Homens;31997;29304;2022;;671;;;;;3509205
Mulheres;32117;29612;1885;;620;;;;;3509205
Carapicuíba;369584;369584;;;;;;;;3510609
Homens;179284;179284;;;;;;;;3510609
Mulheres;190300;190300;;;;;;;;3510609
Cotia;201150;161821;39329;;;;;;;3513009
Homens;98455;78808;19647;;;;;;;3513009
Mulheres;102695;83013;19682;;;;;;;3513009
Diadema;386089;386089;;;;;;;;3513801
Homens;186803;186803;;;;;;;;3513801
Mulheres;199286;199286;;;;;;;;3513801
Embu;240230;240230;;;;;;;;3515004
Homens;116728;116728;;;;;;;;3515004
Mulheres;123502;123502;;;;;;;;3515004
EmbuGuaçu;62769;38856;22239;;1674;;;;;3515103
Homens;31186;19086;11224;;876;;;;;3515103
Mulheres;31583;19770;11015;;798;;;;;3515103
Ferraz de Vasconcelos;168306;160754;;;4324;3228;;;;3515707
Homens;82143;78255;;;2264;1624;;;;3515707
Mulheres;86163;82499;;;2060;1604;;;;3515707
Francisco Morato;154472;151748;2410;;314;;;;;3516309
Homens;76636;75195;1279;;162;;;;;3516309
Mulheres;77836;76553;1131;;152;;;;;3516309
Franco da Rocha;131604;120009;1139;96;10276;;;;84;3516408
Homens;67462;58923;619;52;7828;;;;40;3516408
Mulheres;64142;61086;520;44;2448;;;;44;3516408
Guararema;25844;14396;591;7253;3604;;;;;3518305
Homens;12998;7073;319;3675;1931;;;;;3518305
Mulheres;12846;7323;272;3578;1673;;;;;3518305
Guarulhos;1221979;1217280;4699;;;;;;;3518800
Homens;595043;592661;2382;;;;;;;3518800
Mulheres;626936;624619;2317;;;;;;;3518800
Itapecerica da Serra;152614;131664;19685;;1265;;;;;3522208
Homens;76270;64188;11438;;644;;;;;3522208
Mulheres;76344;67476;8247;;621;;;;;3522208
Itapevi;200769;200769;;;;;;;;3522505
Homens;98746;98746;;;;;;;;3522505
Mulheres;102023;102023;;;;;;;;3522505
Itaquaquecetuba;321770;321770;;;;;;;;3523107
Homens;158542;158542;;;;;;;;3523107
Mulheres;163228;163228;;;;;;;;3523107
Jandira;108344;108344;;;;;;;;3525003
Homens;53063;53063;;;;;;;;3525003
Mulheres;55281;55281;;;;;;;;3525003
Juquitiba;28737;10455;11785;;6497;;;;;3526209
Homens;14543;5075;6031;;3437;;;;;3526209
Mulheres;14194;5380;5754;;3060;;;;;3526209
Mairiporã;80956;31259;;39491;10157;26;;23;;3528502
Homens;40975;15275;;20192;5481;13;;14;;3528502
Mulheres;39981;15984;;19299;4676;13;;9;;3528502
Mauá;417064;417064;;;;;;;;3529401
Homens;204093;204093;;;;;;;;3529401
Mulheres;212971;212971;;;;;;;;3529401
Mogi das Cruzes;387779;320362;16201;20750;18971;11495;;;;3530607
Homens;188857;154246;8248;10699;9933;5731;;;;3530607
Mulheres;198922;166116;7953;10051;9038;5764;;;;3530607
Osasco;666740;666740;;;;;;;;3534401
Homens;320436;320436;;;;;;;;3534401
Mulheres;346304;346304;;;;;;;;3534401
Pirapora do Bom Jesus;15733;2811;12922;;;;;;;3539103
Homens;7818;1361;6457;;;;;;;3539103
Mulheres;7915;1450;6465;;;;;;;3539103
Poá;106013;104338;;;1068;607;;;;3539806
Homens;51292;50443;;;552;297;;;;3539806
Mulheres;54721;53895;;;516;310;;;;3539806
Ribeirão Pires;113068;113068;;;;;;;;3543303
Homens;55318;55318;;;;;;;;3543303
Mulheres;57750;57750;;;;;;;;3543303
Rio Grande da Serra;43974;43974;;;;;;;;3544103
Homens;21804;21804;;;;;;;;3544103
Mulheres;22170;22170;;;;;;;;3544103
Salesópolis;15635;9303;;651;5681;;;;;3545001
Homens;7906;4559;;328;3019;;;;;3545001
Mulheres;7729;4744;;323;2662;;;;;3545001
Santa Isabel;50453;37125;;2466;10203;;;;659;3546801
Homens;25248;18250;;1274;5383;;;;341;3546801
Mulheres;25205;18875;;1192;4820;;;;318;3546801
Santana de Parnaíba;108813;76470;32343;;;;;;;3547304
Homens;53671;37487;16184;;;;;;;3547304
Mulheres;55142;38983;16159;;;;;;;3547304
Santo André;676407;673068;3339;;;;;;;3547809
Homens;324458;322767;1691;;;;;;;3547809
Mulheres;351949;350301;1648;;;;;;;3547809
São Bernardo do Campo;765463;728552;24106;;7201;;5604;;;3548708
Homens;369626;351105;12043;;3746;;2732;;;3548708
Mulheres;395837;377447;12063;;3455;;2872;;;3548708
São Caetano do Sul;149263;149263;;;;;;;;3548807
Homens;68853;68853;;;;;;;;3548807
Mulheres;80410;80410;;;;;;;;3548807
São Lourenço da Serra;13973;4612;8107;;1254;;;;;3549953
Homens;7087;2229;4173;;685;;;;;3549953
Mulheres;6886;2383;3934;;569;;;;;3549953
São Paulo;11253503;11065838;45270;41236;45899;54903;;;357;3550308
Homens;5328632;5235870;22126;20172;23214;27084;;;166;3550308
Mulheres;5924871;5829968;23144;21064;22685;27819;;;191;3550308
Suzano;262480;253240;;;8460;780;;;;3552502
Homens;128694;123883;;;4407;404;;;;3552502
Mulheres;133786;129357;;;4053;376;;;;3552502
Taboão da Serra;244528;244528;;;;;;;;3552809
Homens;116895;116895;;;;;;;;3552809
Mulheres;127633;127633;;;;;;;;3552809
Vargem Grande Paulista;42997;42997;;;;;;;;3556453
Homens;21342;21342;;;;;;;;3556453
Mulheres;21655;21655;;;;;;;;3556453
Curitiba  PR;3174201;2794629;77572;49644;202048;43833;6475;;;8
Homens;1544207;1348053;38911;24891;107207;21923;3222;;;8
Mulheres;1629994;1446576;38661;24753;94841;21910;3253;;;8
Adrianópolis;6376;2060;;;3127;;1189;;;4100202
Homens;3298;1009;;;1708;;581;;;4100202
Mulheres;3078;1051;;;1419;;608;;;4100202
Agudos do Sul;8270;1850;972;;5448;;;;;4100301
Homens;4306;929;497;;2880;;;;;4100301
Mulheres;3964;921;475;;2568;;;;;4100301
Almirante Tamandaré;103204;86587;4380;7925;4312;;;;;4100400
Homens;51136;42641;2217;4022;2256;;;;;4100400
Mulheres;52068;43946;2163;3903;2056;;;;;4100400
Araucária;119123;109508;643;54;8918;;;;;4101804
Homens;59606;54678;323;25;4580;;;;;4101804
Mulheres;59517;54830;320;29;4338;;;;;4101804
Balsa Nova;11300;4516;;2354;4430;;;;;4102307
Homens;5721;2265;;1190;2266;;;;;4102307
Mulheres;5579;2251;;1164;2164;;;;;4102307
Bocaiúva do Sul;10987;5128;;;5402;457;;;;4103107
Homens;5552;2501;;;2820;231;;;;4103107
Mulheres;5435;2627;;;2582;226;;;;4103107
Campina Grande do Sul;38769;30699;1262;;5939;;869;;;4104006
Homens;19229;15063;674;;3067;;425;;;4104006
Mulheres;19540;15636;588;;2872;;444;;;4104006
Campo Largo;112377;82444;11097;630;14342;;3864;;;4104204
Homens;55660;40472;5519;312;7446;;1911;;;4104204
Mulheres;56717;41972;5578;318;6896;;1953;;;4104204
Campo Magro;24843;4759;;14788;5296;;;;;4104253
Homens;12507;2365;;7384;2758;;;;;4104253
Mulheres;12336;2394;;7404;2538;;;;;4104253
Cerro Azul;16938;4808;;;11537;593;;;;4105201
Homens;8718;2340;;;6092;286;;;;4105201
Mulheres;8220;2468;;;5445;307;;;;4105201
Colombo;212967;182323;8559;12321;9764;;;;;4105805
Homens;105010;89598;4290;6128;4994;;;;;4105805
Mulheres;107957;92725;4269;6193;4770;;;;;4105805
Contenda;15891;7527;1704;;6579;81;;;;4106209
Homens;8095;3736;889;;3425;45;;;;4106209
Mulheres;7796;3791;815;;3154;36;;;;4106209
Curitiba;1751907;1715049;36858;;;;;;;4106902
Homens;835115;816697;18418;;;;;;;4106902
Mulheres;916792;898352;18440;;;;;;;4106902
Doutor Ulysses;5727;929;;;4798;;;;;4128633
Homens;2980;459;;;2521;;;;;4128633
Mulheres;2747;470;;;2277;;;;;4128633
Fazenda Rio Grande;81675;75928;;;2626;3121;;;;4107652
Homens;40574;37624;;;1368;1582;;;;4107652
Mulheres;41101;38304;;;1258;1539;;;;4107652
Itaperuçu;23887;19956;;;3931;;;;;4111258
Homens;11984;9904;;;2080;;;;;4111258
Mulheres;11903;10052;;;1851;;;;;4111258
Lapa;44932;25626;1596;;17710;;;;;4113205
Homens;22646;12546;804;;9296;;;;;4113205
Mulheres;22286;13080;792;;8414;;;;;4113205
Mandirituba;22220;7414;;;14806;;;;;4114302
Homens;11315;3694;;;7621;;;;;4114302
Mulheres;10905;3720;;;7185;;;;;4114302
Pinhais;117008;116064;944;;;;;;;4119152
Homens;56809;56318;491;;;;;;;4119152
Mulheres;60199;59746;453;;;;;;;4119152
Piraquara;93207;45213;525;;8751;38718;;;;4119509
Homens;48194;22189;271;;6391;19343;;;;4119509
Mulheres;45013;23024;254;;2360;19375;;;;4119509
Quatro Barras;19851;15799;2142;;1910;;;;;4120804
Homens;9955;7838;1071;;1046;;;;;4120804
Mulheres;9896;7961;1071;;864;;;;;4120804
Quitandinha;17089;3547;1340;;12202;;;;;4121208
Homens;8837;1759;684;;6394;;;;;4121208
Mulheres;8252;1788;656;;5808;;;;;4121208
Rio Branco do Sul;30650;22045;;;7742;863;;;;4122206
Homens;15546;11009;;;4101;436;;;;4122206
Mulheres;15104;11036;;;3641;427;;;;4122206
São José dos Pinhais;264210;219773;5550;11572;27315;;;;;4125506
Homens;130597;107864;2763;5830;14140;;;;;4125506
Mulheres;133613;111909;2787;5742;13175;;;;;4125506
Tijucas do Sul;14537;2285;;;12252;;;;;4127601
Homens;7546;1141;;;6405;;;;;4127601
Mulheres;6991;1144;;;5847;;;;;4127601
Tunas do Paraná;6256;2792;;;2911;;553;;;4127882
Homens;3271;1414;;;1552;;305;;;4127882
Mulheres;2985;1378;;;1359;;248;;;4127882
Londrina  PR;764348;721246;9333;1355;32160;;254;;;16
Homens;369468;346576;4625;705;17439;;123;;;16
Mulheres;394880;374670;4708;650;14721;;131;;;16
Bela Vista do Paraíso;15079;14030;166;;883;;;;;4102802
Homens;7317;6766;84;;467;;;;;4102802
Mulheres;7762;7264;82;;416;;;;;4102802
Cambé;96733;92467;485;;3527;;254;;;4103701
Homens;47299;45093;237;;1846;;123;;;4103701
Mulheres;49434;47374;248;;1681;;131;;;4103701
Ibiporã;48198;43149;1391;1355;2303;;;;;4109807
Homens;23437;20811;692;705;1229;;;;;4109807
Mulheres;24761;22338;699;650;1074;;;;;4109807
Jataizinho;11875;11053;;;822;;;;;4112702
Homens;5873;5437;;;436;;;;;4112702
Mulheres;6002;5616;;;386;;;;;4112702
Londrina;506701;487916;5604;;13181;;;;;4113700
Homens;243059;232885;2753;;7421;;;;;4113700
Mulheres;263642;255031;2851;;5760;;;;;4113700
Rolândia;57862;53773;976;;3113;;;;;4122404
Homens;28459;26298;497;;1664;;;;;4122404
Mulheres;29403;27475;479;;1449;;;;;4122404
Sertanópolis;15638;13711;;;1927;;;;;4126504
Homens;7748;6718;;;1030;;;;;4126504
Mulheres;7890;6993;;;897;;;;;4126504
Tamarana;12262;5147;711;;6404;;;;;4126678
Homens;6276;2568;362;;3346;;;;;4126678
Mulheres;5986;2579;349;;3058;;;;;4126678
Maringá  PR;612545;585229;1498;2746;21537;;1535;;;17
Homens;297865;283724;749;1392;11251;;749;;;17
Mulheres;314680;301505;749;1354;10286;;786;;;17
Ângulo;2859;2253;;;434;;172;;;4101150
Homens;1457;1139;;;234;;84;;;4101150
Mulheres;1402;1114;;;200;;88;;;4101150
Astorga;24698;22147;412;;2139;;;;;4102109
Homens;12142;10799;215;;1128;;;;;4102109
Mulheres;12556;11348;197;;1011;;;;;4102109
Doutor Camargo;5828;5026;;83;719;;;;;4107306
Homens;2868;2445;;42;381;;;;;4107306
Mulheres;2960;2581;;41;338;;;;;4107306
Floresta;5931;5354;;116;461;;;;;4107900
Homens;2953;2647;;62;244;;;;;4107900
Mulheres;2978;2707;;54;217;;;;;4107900
Iguaraçu;3982;3109;264;186;423;;;;;4110003
Homens;2004;1524;142;102;236;;;;;4110003
Mulheres;1978;1585;122;84;187;;;;;4110003
Itambé;5979;5455;;219;305;;;;;4111100
Homens;2946;2673;;106;167;;;;;4111100
Mulheres;3033;2782;;113;138;;;;;4111100
Ivatuba;3010;1726;;568;716;;;;;4111605
Homens;1436;833;;279;324;;;;;4111605
Mulheres;1574;893;;289;392;;;;;4111605
Mandaguaçu;19781;17055;301;229;1546;;650;;;4114104
Homens;9853;8452;147;122;809;;323;;;4114104
Mulheres;9928;8603;154;107;737;;327;;;4114104
Mandaguari;32658;30934;;;1724;;;;;4114203
Homens;16035;15101;;;934;;;;;4114203
Mulheres;16623;15833;;;790;;;;;4114203
Marialva;31959;25773;19;;5454;;713;;;4114807
Homens;15795;12583;9;;2861;;342;;;4114807
Mulheres;16164;13190;10;;2593;;371;;;4114807
Maringá;357077;349744;456;453;6424;;;;;4115200
Homens;171724;167977;214;226;3307;;;;;4115200
Mulheres;185353;181767;242;227;3117;;;;;4115200
Paiçandu;35936;35399;46;;491;;;;;4117503
Homens;17822;17551;22;;249;;;;;4117503
Mulheres;18114;17848;24;;242;;;;;4117503
Sarandi;82847;81254;;892;701;;;;;4126256
Homens;40830;40000;;453;377;;;;;4126256
Mulheres;42017;41254;;439;324;;;;;4126256
Carbonífera  SC;550206;391984;58430;7015;83841;5497;3439;;;25
Homens;272653;191971;29278;3533;43361;2790;1720;;;25
Mulheres;277553;200013;29152;3482;40480;2707;1719;;;25
Araranguá;61310;35968;14558;;8191;2186;407;;;4201406
Homens;30138;17321;7247;;4232;1124;214;;;4201406
Mulheres;31172;18647;7311;;3959;1062;193;;;4201406
Balneário Arroio do Silva;9586;7666;1725;;195;;;;;4201950
Homens;4743;3779;860;;104;;;;;4201950
Mulheres;4843;3887;865;;91;;;;;4201950
Balneário Gaivota;8234;3654;1516;1193;1871;;;;;4202073
Homens;4092;1760;788;576;968;;;;;4202073
Mulheres;4142;1894;728;617;903;;;;;4202073
Cocal do Sul;15159;12235;461;;2198;265;;;;4204251
Homens;7523;6050;228;;1113;132;;;;4204251
Mulheres;7636;6185;233;;1085;133;;;;4204251
Criciúma;192308;176123;13507;;2678;;;;;4204608
Homens;94607;86289;6758;;1560;;;;;4204608
Mulheres;97701;89834;6749;;1118;;;;;4204608
Ermo;2050;619;;;1431;;;;;4205191
Homens;1066;316;;;750;;;;;4205191
Mulheres;984;303;;;681;;;;;4205191
Forquilhinha;22548;14930;1435;2061;3521;601;;;;4205456
Homens;11307;7416;726;1071;1765;329;;;;4205456
Mulheres;11241;7514;709;990;1756;272;;;;4205456
Içara;58833;41361;12552;;4920;;;;;4207007
Homens;29303;20495;6309;;2499;;;;;4207007
Mulheres;29530;20866;6243;;2421;;;;;4207007
Jacinto Machado;10609;5039;94;;5476;;;;;4208708
Homens;5262;2440;46;;2776;;;;;4208708
Mulheres;5347;2599;48;;2700;;;;;4208708
Lauro Muller;14367;10128;315;663;3261;;;;;4209607
Homens;7187;4982;164;341;1700;;;;;4209607
Mulheres;7180;5146;151;322;1561;;;;;4209607
Maracajá;6404;2975;1281;;2148;;;;;4210407
Homens;3248;1489;643;;1116;;;;;4210407
Mulheres;3156;1486;638;;1032;;;;;4210407
Meleiro;7000;3615;34;;3351;;;;;4210803
Homens;3458;1743;17;;1698;;;;;4210803
Mulheres;3542;1872;17;;1653;;;;;4210803
Morro da Fumaça;16126;10867;2408;588;2263;;;;;4211207
Homens;8078;5391;1213;305;1169;;;;;4211207
Mulheres;8048;5476;1195;283;1094;;;;;4211207
Morro Grande;2890;756;;;1954;;180;;;4211256
Homens;1513;391;;;1039;;83;;;4211256
Mulheres;1377;365;;;915;;97;;;4211256
Nova Veneza;13309;6961;443;1523;3601;551;230;;;4211603
Homens;6719;3506;208;764;1856;266;119;;;4211603
Mulheres;6590;3455;235;759;1745;285;111;;;4211603
Passo de Torres;6627;2718;3155;;754;;;;;4212254
Homens;3352;1358;1595;;399;;;;;4212254
Mulheres;3275;1360;1560;;355;;;;;4212254
Praia Grande;7267;4024;;273;2710;260;;;;4213807
Homens;3658;1973;;131;1418;136;;;;4213807
Mulheres;3609;2051;;142;1292;124;;;;4213807
Santa Rosa do Sul;8054;3251;;495;4115;;193;;;4215653
Homens;4050;1562;;245;2137;;106;;;4215653
Mulheres;4004;1689;;250;1978;;87;;;4215653
São João do Sul;7002;1572;;;5430;;;;;4216404
Homens;3530;755;;;2775;;;;;4216404
Mulheres;3472;817;;;2655;;;;;4216404
Siderópolis;12998;10022;29;;2494;;453;;;4217600
Homens;6480;4954;15;;1277;;234;;;4217600
Mulheres;6518;5068;14;;1217;;219;;;4217600
Sombrio;26613;18350;1288;;5719;1256;;;;4217709
Homens;13072;8803;656;;3001;612;;;;4217709
Mulheres;13541;9547;632;;2718;644;;;;4217709
Timbé do Sul;5308;968;877;;3463;;;;;4218103
Homens;2693;454;425;;1814;;;;;4218103
Mulheres;2615;514;452;;1649;;;;;4218103
Treviso;3527;1833;;;1694;;;;;4218350
Homens;1789;919;;;870;;;;;4218350
Mulheres;1738;914;;;824;;;;;4218350
Turvo;11854;6213;1483;219;3939;;;;;4218806
Homens;5850;2968;757;100;2025;;;;;4218806
Mulheres;6004;3245;726;119;1914;;;;;4218806
Urussanga;20223;10136;1269;;6464;378;1976;;;4219002
Homens;9935;4857;623;;3300;191;964;;;4219002
Mulheres;10288;5279;646;;3164;187;1012;;;4219002
Chapecó  SC;403494;304000;7312;5916;84585;1681;;;;4208
Homens;201257;148891;3743;2970;44328;1325;;;;4208
Mulheres;202237;155109;3569;2946;40257;356;;;;4208
Águas de Chapecó;6110;3080;156;;2874;;;;;4200507
Homens;3124;1518;78;;1528;;;;;4200507
Mulheres;2986;1562;78;;1346;;;;;4200507
Águas Frias;2424;981;;;1443;;;;;4200556
Homens;1279;504;;;775;;;;;4200556
Mulheres;1145;477;;;668;;;;;4200556
Arvoredo;2260;501;;;1759;;;;;4201653
Homens;1229;271;;;958;;;;;4201653
Mulheres;1031;230;;;801;;;;;4201653
Caxambu do Sul;4411;947;1208;;2256;;;;;4204103
Homens;2219;450;610;;1159;;;;;4204103
Mulheres;2192;497;598;;1097;;;;;4204103
Chapecó;183530;167316;25;772;14051;1366;;;;4204202
Homens;90626;81753;14;412;7285;1162;;;;4204202
Mulheres;92904;85563;11;360;6766;204;;;;4204202
Coronel Freitas;10213;5787;280;;4146;;;;;4204400
Homens;5189;2876;141;;2172;;;;;4204400
Mulheres;5024;2911;139;;1974;;;;;4204400
Cunhataí;1882;569;;;1313;;;;;4204756
Homens;1004;299;;;705;;;;;4204756
Mulheres;878;270;;;608;;;;;4204756
Faxinal dos Guedes;10661;7579;139;;2628;315;;;;4205308
Homens;5357;3767;72;;1355;163;;;;4205308
Mulheres;5304;3812;67;;1273;152;;;;4205308
Guatambú;4679;1746;3;;2930;;;;;4206652
Homens;2471;907;2;;1562;;;;;4206652
Mulheres;2208;839;1;;1368;;;;;4206652
Itá;6426;3823;150;84;2369;;;;;4208005
Homens;3218;1869;86;44;1219;;;;;4208005
Mulheres;3208;1954;64;40;1150;;;;;4208005
Marema;2203;760;;;1443;;;;;4210555
Homens;1135;382;;;753;;;;;4210555
Mulheres;1068;378;;;690;;;;;4210555
Nova Erechim;4275;2681;530;;1064;;;;;4211405
Homens;2205;1352;297;;556;;;;;4211405
Mulheres;2070;1329;233;;508;;;;;4211405
Nova Itaberaba;4267;915;615;;2737;;;;;4211454
Homens;2210;462;308;;1440;;;;;4211454
Mulheres;2057;453;307;;1297;;;;;4211454
Paial;1763;336;;;1427;;;;;4211876
Homens;939;167;;;772;;;;;4211876
Mulheres;824;169;;;655;;;;;4211876
Palmitos;16020;9333;403;135;6149;;;;;4212106
Homens;8018;4539;206;53;3220;;;;;4212106
Mulheres;8002;4794;197;82;2929;;;;;4212106
Pinhalzinho;16332;11961;1383;271;2717;;;;;4212908
Homens;8177;5871;705;136;1465;;;;;4212908
Mulheres;8155;6090;678;135;1252;;;;;4212908
Planalto Alegre;2654;1067;;;1587;;;;;4213153
Homens;1383;538;;;845;;;;;4213153
Mulheres;1271;529;;;742;;;;;4213153
Quilombo;10248;5746;;;4502;;;;;4214201
Homens;5168;2820;;;2348;;;;;4214201
Mulheres;5080;2926;;;2154;;;;;4214201
São Carlos;10291;6417;485;;3389;;;;;4216008
Homens;5171;3142;240;;1789;;;;;4216008
Mulheres;5120;3275;245;;1600;;;;;4216008
Saudades;9016;4189;459;475;3893;;;;;4217303
Homens;4618;2101;231;239;2047;;;;;4217303
Mulheres;4398;2088;228;236;1846;;;;;4217303
Seara;16936;11586;;;5350;;;;;4217501
Homens;8525;5694;;;2831;;;;;4217501
Mulheres;8411;5892;;;2519;;;;;4217501
União do Oeste;2910;1107;;;1803;;;;;4218855
Homens;1475;547;;;928;;;;;4218855
Mulheres;1435;560;;;875;;;;;4218855
Xanxerê;44128;34896;68;4179;4985;;;;;4219507
Homens;21581;16948;39;2086;2508;;;;;4219507
Mulheres;22547;17948;29;2093;2477;;;;;4219507
Xavantina;4142;1118;;;3024;;;;;4219606
Homens;2160;563;;;1597;;;;;4219606
Mulheres;1982;555;;;1427;;;;;4219606
Xaxim;25713;19559;1408;;4746;;;;;4219705
Homens;12776;9551;714;;2511;;;;;4219705
Mulheres;12937;10008;694;;2235;;;;;4219705
Florianópolis  SC;1012233;912173;15416;3595;76561;3414;910;;164;18
Homens;496184;444163;8335;1813;39611;1720;457;;85;18
Mulheres;516049;468010;7081;1782;36950;1694;453;;79;18
Águas Mornas;5548;2327;;;3221;;;;;4200606
Homens;2810;1173;;;1637;;;;;4200606
Mulheres;2738;1154;;;1584;;;;;4200606
Alfredo Wagner;9410;2868;;;6542;;;;;4200705
Homens;4784;1385;;;3399;;;;;4200705
Mulheres;4626;1483;;;3143;;;;;4200705
Angelina;5250;1123;;;4127;;;;;4200903
Homens;2765;541;;;2224;;;;;4200903
Mulheres;2485;582;;;1903;;;;;4200903
Anitápolis;3214;1315;;;1899;;;;;4201109
Homens;1675;649;;;1026;;;;;4201109
Mulheres;1539;666;;;873;;;;;4201109
Antônio Carlos;7458;2341;;;5117;;;;;4201208
Homens;3757;1144;;;2613;;;;;4201208
Mulheres;3701;1197;;;2504;;;;;4201208
Biguaçu;58206;51809;114;835;5448;;;;;4202305
Homens;28665;25431;53;423;2758;;;;;4202305
Mulheres;29541;26378;61;412;2690;;;;;4202305
Canelinha;10603;6655;71;;3877;;;;;4203709
Homens;5372;3342;40;;1990;;;;;4203709
Mulheres;5231;3313;31;;1887;;;;;4203709
Florianópolis;421240;404245;271;770;13717;1752;367;;118;4205407
Homens;203047;194431;136;378;6970;877;189;;66;4205407
Mulheres;218193;209814;135;392;6747;875;178;;52;4205407
Garopaba;18138;15320;;;2818;;;;;4205704
Homens;9127;7652;;;1475;;;;;4205704
Mulheres;9011;7668;;;1343;;;;;4205704
Governador Celso Ramos;12999;10262;;1990;747;;;;;4206009
Homens;6641;5242;;1012;387;;;;;4206009
Mulheres;6358;5020;;978;360;;;;;4206009
Leoberto Leal;3365;820;;;2545;;;;;4209805
Homens;1754;406;;;1348;;;;;4209805
Mulheres;1611;414;;;1197;;;;;4209805
Major Gercino;3279;1249;;;2030;;;;;4210209
Homens;1672;637;;;1035;;;;;4210209
Mulheres;1607;612;;;995;;;;;4210209
Nova Trento;12190;9129;;;3061;;;;;4211504
Homens;6181;4562;;;1619;;;;;4211504
Mulheres;6009;4567;;;1442;;;;;4211504
Palhoça;137334;132977;2334;;1977;;;;46;4211900
Homens;68436;66151;1234;;1032;;;;19;4211900
Mulheres;68898;66826;1100;;945;;;;27;4211900
Paulo Lopes;6692;4820;;;1872;;;;;4212304
Homens;3404;2423;;;981;;;;;4212304
Mulheres;3288;2397;;;891;;;;;4212304
Rancho Queimado;2748;1074;216;;1458;;;;;4214300
Homens;1398;534;113;;751;;;;;4214300
Mulheres;1350;540;103;;707;;;;;4214300
Santo Amaro da Imperatriz;19823;14970;;;3817;1036;;;;4215703
Homens;9984;7512;;;1954;518;;;;4215703
Mulheres;9839;7458;;;1863;518;;;;4215703
São Bonifácio;3008;685;;;2323;;;;;4215901
Homens;1551;349;;;1202;;;;;4215901
Mulheres;1457;336;;;1121;;;;;4215901
São João Batista;26260;23551;;;2709;;;;;4216305
Homens;13287;11908;;;1379;;;;;4216305
Mulheres;12973;11643;;;1330;;;;;4216305
São José;209804;196359;10953;;1323;626;543;;;4216602
Homens;101392;94707;5411;;681;325;268;;;4216602
Mulheres;108412;101652;5542;;642;301;275;;;4216602
São Pedro de Alcântara;4704;2272;1457;;975;;;;;4217253
Homens;2988;1124;1348;;516;;;;;4217253
Mulheres;1716;1148;109;;459;;;;;4217253
Tijucas;30960;26002;;;4958;;;;;4218004
Homens;15494;12860;;;2634;;;;;4218004
Mulheres;15466;13142;;;2324;;;;;4218004
Foz do Rio Itajaí  SC;532771;471054;39803;;16577;1396;2539;1402;;24
Homens;261463;230074;20142;;8510;739;1272;726;;24
Mulheres;271308;240980;19661;;8067;657;1267;676;;24
Balneário Camboriú;108089;108089;;;;;;;;4202008
Homens;51393;51393;;;;;;;;4202008
Mulheres;56696;56696;;;;;;;;4202008
Balneário Piçarras;17078;11471;4029;;1578;;;;;4212809
Homens;8521;5699;1996;;826;;;;;4212809
Mulheres;8557;5772;2033;;752;;;;;4212809
Bombinhas;14293;5279;9014;;;;;;;4202453
Homens;7194;2617;4577;;;;;;;4202453
Mulheres;7099;2662;4437;;;;;;;4202453
Camboriú;62361;55092;4139;;3130;;;;;4203204
Homens;31159;27461;2086;;1612;;;;;4203204
Mulheres;31202;27631;2053;;1518;;;;;4203204
Itajaí;183373;165320;8132;;6666;1396;1859;;;4208203
Homens;90111;80886;4144;;3409;739;933;;;4208203
Mulheres;93262;84434;3988;;3257;657;926;;;4208203
Itapema;45797;44659;;;1138;;;;;4208302
Homens;22391;21826;;;565;;;;;4208302
Mulheres;23406;22833;;;573;;;;;4208302
Navegantes;60556;49745;7657;;1072;;680;1402;;4211306
Homens;30158;24661;3887;;545;;339;726;;4211306
Mulheres;30398;25084;3770;;527;;341;676;;4211306
Penha;25141;16232;6832;;2077;;;;;4212502
Homens;12538;8011;3452;;1075;;;;;4212502
Mulheres;12603;8221;3380;;1002;;;;;4212502
Porto Belo;16083;15167;;;916;;;;;4213500
Homens;7998;7520;;;478;;;;;4213500
Mulheres;8085;7647;;;438;;;;;4213500
Lages  SC;350532;290841;917;;58649;;125;;;4207
Homens;173759;141907;467;;31315;;70;;;4207
Mulheres;176773;148934;450;;27334;;55;;;4207
Anita Garibaldi;8623;4551;;;4072;;;;;4201000
Homens;4340;2200;;;2140;;;;;4201000
Mulheres;4283;2351;;;1932;;;;;4201000
Bocaina do Sul;3290;967;;;2323;;;;;4202438
Homens;1700;485;;;1215;;;;;4202438
Mulheres;1590;482;;;1108;;;;;4202438
Bom Jardim da Serra;4395;2397;;;1998;;;;;4202503
Homens;2253;1164;;;1089;;;;;4202503
Mulheres;2142;1233;;;909;;;;;4202503
Bom Retiro;8942;6417;;;2525;;;;;4202602
Homens;4513;3192;;;1321;;;;;4202602
Mulheres;4429;3225;;;1204;;;;;4202602
Campo Belo do Sul;7483;4406;;;3077;;;;;4203402
Homens;3850;2206;;;1644;;;;;4203402
Mulheres;3633;2200;;;1433;;;;;4203402
Capão Alto;2753;962;;;1791;;;;;4203253
Homens;1431;481;;;950;;;;;4203253
Mulheres;1322;481;;;841;;;;;4203253
Cerro Negro;3581;764;;;2817;;;;;4204178
Homens;1873;377;;;1496;;;;;4204178
Mulheres;1708;387;;;1321;;;;;4204178
Correia Pinto;14785;12022;;;2763;;;;;4204558
Homens;7376;5967;;;1409;;;;;4204558
Mulheres;7409;6055;;;1354;;;;;4204558
Curitibanos;37748;34719;50;;2979;;;;;4204806
Homens;18521;16911;25;;1585;;;;;4204806
Mulheres;19227;17808;25;;1394;;;;;4204806
Frei Rogério;2474;706;;;1768;;;;;4205555
Homens;1288;354;;;934;;;;;4205555
Mulheres;1186;352;;;834;;;;;4205555
Lages;156727;153198;739;;2790;;;;;4209300
Homens;75952;74079;379;;1494;;;;;4209300
Mulheres;80775;79119;360;;1296;;;;;4209300
Otacílio Costa;16337;14891;;;1446;;;;;4211751
Homens;8262;7504;;;758;;;;;4211751
Mulheres;8075;7387;;;688;;;;;4211751
Painel;2353;945;;;1408;;;;;4211892
Homens;1232;461;;;771;;;;;4211892
Mulheres;1121;484;;;637;;;;;4211892
Palmeira;2373;925;;;1448;;;;;4212056
Homens;1221;459;;;762;;;;;4212056
Mulheres;1152;466;;;686;;;;;4212056
Ponte Alta;4894;3578;;;1316;;;;;4213302
Homens;2454;1774;;;680;;;;;4213302
Mulheres;2440;1804;;;636;;;;;4213302
Ponte Alta do Norte;3303;2879;128;;296;;;;;4213351
Homens;1644;1428;63;;153;;;;;4213351
Mulheres;1659;1451;65;;143;;;;;4213351
Rio Rufino;2436;688;;;1748;;;;;4215059
Homens;1245;350;;;895;;;;;4215059
Mulheres;1191;338;;;853;;;;;4215059
Santa Cecília;15757;13663;;;2094;;;;;4215505
Homens;7849;6780;;;1069;;;;;4215505
Mulheres;7908;6883;;;1025;;;;;4215505
São Cristovão do Sul;5012;3800;;;1212;;;;;4216057
Homens;2850;1870;;;980;;;;;4216057
Mulheres;2162;1930;;;232;;;;;4216057
São Joaquim;24812;17573;;;7114;;125;;;4216503
Homens;12434;8554;;;3810;;70;;;4216503
Mulheres;12378;9019;;;3304;;55;;;4216503
São José do Cerrito;9273;2492;;;6781;;;;;4216800
Homens;4801;1212;;;3589;;;;;4216800
Mulheres;4472;1280;;;3192;;;;;4216800
Urubici;10699;7066;;;3633;;;;;4218905
Homens;5396;3490;;;1906;;;;;4218905
Mulheres;5303;3576;;;1727;;;;;4218905
Urupema;2482;1232;;;1250;;;;;4218954
Homens;1274;609;;;665;;;;;4218954
Mulheres;1208;623;;;585;;;;;4218954
Norte/Nordeste Catarinense  SC;1094412;784817;165237;41273;95472;5969;1534;;110;20
Homens;546832;388337;83754;20856;49979;3052;801;;53;20
Mulheres;547580;396480;81483;20417;45493;2917;733;;57;20
Araquari;24810;13853;7605;1895;1340;;90;;27;4201307
Homens;12648;7039;3883;963;703;;47;;13;4201307
Mulheres;12162;6814;3722;932;637;;43;;14;4201307
Balneário Barra do Sul;8430;7812;196;27;395;;;;;4202057
Homens;4172;3870;94;16;192;;;;;4202057
Mulheres;4258;3942;102;11;203;;;;;4202057
Barra Velha;22386;12998;7868;454;1066;;;;;4202107
Homens;11103;6352;3938;243;570;;;;;4202107
Mulheres;11283;6646;3930;211;496;;;;;4202107
Campo Alegre;11748;6125;492;620;4511;;;;;4203303
Homens;5970;3032;258;319;2361;;;;;4203303
Mulheres;5778;3093;234;301;2150;;;;;4203303
Corupá;13852;6927;3742;;3183;;;;;4204509
Homens;7002;3397;1902;;1703;;;;;4204509
Mulheres;6850;3530;1840;;1480;;;;;4204509
Garuva;14761;8523;2928;;2961;349;;;;4205803
Homens;7540;4297;1523;;1539;181;;;;4205803
Mulheres;7221;4226;1405;;1422;168;;;;4205803
Guaramirim;35172;14010;14036;;7126;;;;;4206504
Homens;17840;7032;7119;;3689;;;;;4206504
Mulheres;17332;6978;6917;;3437;;;;;4206504
Itaiópolis;20301;10391;346;;9564;;;;;4208104
Homens;10409;5149;189;;5071;;;;;4208104
Mulheres;9892;5242;157;;4493;;;;;4208104
Itapoá;14763;12819;1353;;591;;;;;4208450
Homens;7447;6419;714;;314;;;;;4208450
Mulheres;7316;6400;639;;277;;;;;4208450
Jaraguá do Sul;143123;88169;43141;1490;10323;;;;;4208906
Homens;71801;43875;21895;741;5290;;;;;4208906
Mulheres;71322;44294;21246;749;5033;;;;;4208906
Joinville;515288;436192;25712;35946;12896;3098;1444;;;4209102
Homens;255756;215597;12975;18135;6707;1588;754;;;4209102
Mulheres;259532;220595;12737;17811;6189;1510;690;;;4209102
Mafra;52912;41266;52;;10312;1282;;;;4210100
Homens;26251;20100;28;;5469;654;;;;4210100
Mulheres;26661;21166;24;;4843;628;;;;4210100
Massaranduba;14674;3539;4067;;7068;;;;;4210605
Homens;7449;1747;2050;;3652;;;;;4210605
Mulheres;7225;1792;2017;;3416;;;;;4210605
Monte Castelo;8346;4849;;;3497;;;;;4211108
Homens;4283;2430;;;1853;;;;;4211108
Mulheres;4063;2419;;;1644;;;;;4211108
Papanduva;17928;9184;;;7504;1240;;;;4212205
Homens;9172;4547;;;3996;629;;;;4212205
Mulheres;8756;4637;;;3508;611;;;;4212205
Rio Negrinho;39846;33535;2498;315;3498;;;;;4215000
Homens;19977;16736;1260;161;1820;;;;;4215000
Mulheres;19869;16799;1238;154;1678;;;;;4215000
São Bento do Sul;74801;49339;21895;;3567;;;;;4215802
Homens;37239;24290;11083;;1866;;;;;4215802
Mulheres;37562;25049;10812;;1701;;;;;4215802
São Francisco do Sul;42520;21403;18087;;2947;;;;83;4216206
Homens;21182;10469;9116;;1557;;;;40;4216206
Mulheres;21338;10934;8971;;1390;;;;43;4216206
São João do Itaperiú;3435;884;515;526;1510;;;;;4216354
Homens;1790;456;279;278;777;;;;;4216354
Mulheres;1645;428;236;248;733;;;;;4216354
Schroeder;15316;2999;10704;;1613;;;;;4217402
Homens;7801;1503;5448;;850;;;;;4217402
Mulheres;7515;1496;5256;;763;;;;;4217402
Tubarão  SC;356721;267904;6012;6488;67339;2126;6852;;;26
Homens;176367;130952;2987;3260;34628;1076;3464;;;26
Mulheres;180354;136952;3025;3228;32711;1050;3388;;;26
Armazém;7753;4884;;;2869;;;;;4201505
Homens;3924;2412;;;1512;;;;;4201505
Mulheres;3829;2472;;;1357;;;;;4201505
Braço do Norte;29018;23383;;;5635;;;;;4202800
Homens;14533;11609;;;2924;;;;;4202800
Mulheres;14485;11774;;;2711;;;;;4202800
Capivari de Baixo;21674;19816;;;1281;;577;;;4203956
Homens;10499;9578;;;633;;288;;;4203956
Mulheres;11175;10238;;;648;;289;;;4203956
Grão Pará;6223;2942;;77;3204;;;;;4206108
Homens;3235;1468;;41;1726;;;;;4206108
Mulheres;2988;1474;;36;1478;;;;;4206108
Gravatal;10635;4443;;;5357;;835;;;4206207
Homens;5286;2160;;;2714;;412;;;4206207
Mulheres;5349;2283;;;2643;;423;;;4206207
Imaruí;11672;4005;;;7667;;;;;4207205
Homens;5865;1974;;;3891;;;;;4207205
Mulheres;5807;2031;;;3776;;;;;4207205
Imbituba;40170;38962;1208;;;;;;;4207304
Homens;19805;19199;606;;;;;;;4207304
Mulheres;20365;19763;602;;;;;;;4207304
Jaguaruna;17290;8687;;4511;3761;331;;;;4208807
Homens;8625;4279;;2292;1887;167;;;;4208807
Mulheres;8665;4408;;2219;1874;164;;;;4208807
Laguna;51562;39777;878;;7019;687;3201;;;4209409
Homens;25305;19440;449;;3481;342;1593;;;4209409
Mulheres;26257;20337;429;;3538;345;1608;;;4209409
Orleans;21393;14532;1232;320;5309;;;;;4211702
Homens;10634;7122;612;146;2754;;;;;4211702
Mulheres;10759;7410;620;174;2555;;;;;4211702
Pedras Grandes;4107;1261;;;2424;;422;;;4212403
Homens;2098;616;;;1255;;227;;;4212403
Mulheres;2009;645;;;1169;;195;;;4212403
Rio Fortuna;4446;1523;;;2923;;;;;4214904
Homens;2294;747;;;1547;;;;;4214904
Mulheres;2152;776;;;1376;;;;;4214904
Sangão;10400;4603;;253;4364;;1180;;;4215455
Homens;5322;2297;;127;2286;;612;;;4215455
Mulheres;5078;2306;;126;2078;;568;;;4215455
Santa Rosa de Lima;2065;518;;;1547;;;;;4215604
Homens;1092;279;;;813;;;;;4215604
Mulheres;973;239;;;734;;;;;4215604
São Ludgero;10993;9863;;;1130;;;;;4217006
Homens;5625;5050;;;575;;;;;4217006
Mulheres;5368;4813;;;555;;;;;4217006
São Martinho;3209;992;;239;1978;;;;;4217105
Homens;1660;484;;126;1050;;;;;4217105
Mulheres;1549;508;;113;928;;;;;4217105
Treze de Maio;6876;2333;;1068;3475;;;;;4218400
Homens;3451;1130;;519;1802;;;;;4218400
Mulheres;3425;1203;;549;1673;;;;;4218400
Tubarão;97235;85380;2694;20;7396;1108;637;;;4218707
Homens;47114;41108;1320;9;3778;567;332;;;4218707
Mulheres;50121;44272;1374;11;3618;541;305;;;4218707
Vale do Itajaí  SC;689731;589056;25824;2722;69403;2066;660;;;19
Homens;341813;290442;12958;1372;35679;1032;330;;;19
Mulheres;347918;298614;12866;1350;33724;1034;330;;;19
Apiúna;9600;3614;674;;5312;;;;;4201257
Homens;4866;1741;356;;2769;;;;;4201257
Mulheres;4734;1873;318;;2543;;;;;4201257
Ascurra;7412;6457;;;955;;;;;4201703
Homens;3680;3183;;;497;;;;;4201703
Mulheres;3732;3274;;;458;;;;;4201703
Benedito Novo;10336;5140;;664;4532;;;;;4202206
Homens;5280;2572;;330;2378;;;;;4202206
Mulheres;5056;2568;;334;2154;;;;;4202206
Blumenau;309011;278770;16003;;12172;2066;;;;4202404
Homens;151542;136360;7986;;6164;1032;;;;4202404
Mulheres;157469;142410;8017;;6008;1034;;;;4202404
Botuverá;4468;1310;;;2976;;182;;;4202701
Homens;2278;639;;;1544;;95;;;4202701
Mulheres;2190;671;;;1432;;87;;;4202701
Brusque;105503;102025;;;3478;;;;;4202909
Homens;52400;50586;;;1814;;;;;4202909
Mulheres;53103;51439;;;1664;;;;;4202909
Doutor Pedrinho;3604;1332;;687;1585;;;;;4205159
Homens;1794;648;;333;813;;;;;4205159
Mulheres;1810;684;;354;772;;;;;4205159
Gaspar;57981;46738;388;;10855;;;;;4205902
Homens;28678;22976;209;;5493;;;;;4205902
Mulheres;29303;23762;179;;5362;;;;;4205902
Guabiruba;18430;17066;;;1364;;;;;4206306
Homens;9351;8648;;;703;;;;;4206306
Mulheres;9079;8418;;;661;;;;;4206306
Ilhota;12355;3655;3051;1192;3979;;478;;;4207106
Homens;6227;1849;1529;602;2012;;235;;;4207106
Mulheres;6128;1806;1522;590;1967;;243;;;4207106
Indaial;54854;49273;3654;;1927;;;;;4207502
Homens;27431;24611;1840;;980;;;;;4207502
Mulheres;27423;24662;1814;;947;;;;;4207502
Luiz Alves;10438;2306;950;;7182;;;;;4210001
Homens;5383;1181;482;;3720;;;;;4210001
Mulheres;5055;1125;468;;3462;;;;;4210001
Pomerode;27759;22999;824;;3936;;;;;4213203
Homens;13904;11481;407;;2016;;;;;4213203
Mulheres;13855;11518;417;;1920;;;;;4213203
Rio dos Cedros;10284;4931;;179;5174;;;;;4214706
Homens;5268;2449;;107;2712;;;;;4214706
Mulheres;5016;2482;;72;2462;;;;;4214706
Rodeio;10922;9211;213;;1498;;;;;4215109
Homens;5487;4591;112;;784;;;;;4215109
Mulheres;5435;4620;101;;714;;;;;4215109
Timbó;36774;34229;67;;2478;;;;;4218202
Homens;18244;16927;37;;1280;;;;;4218202
Mulheres;18530;17302;30;;1198;;;;;4218202
Porto Alegre  RS;3958985;3740684;92616;11725;100161;5758;7230;322;489;9
Homens;1899479;1785459;48423;5887;52698;2883;3685;190;254;9
Mulheres;2059506;1955225;44193;5838;47463;2875;3545;132;235;9
Alvorada;195673;195152;521;;;;;;;4300604
Homens;95080;94782;298;;;;;;;4300604
Mulheres;100593;100370;223;;;;;;;4300604
Araricá;4864;3996;;;868;;;;;4300877
Homens;2456;2011;;;445;;;;;4300877
Mulheres;2408;1985;;;423;;;;;4300877
Arroio dos Ratos;13606;12956;;;650;;;;;4301107
Homens;6635;6270;;;365;;;;;4301107
Mulheres;6971;6686;;;285;;;;;4301107
Cachoeirinha;118278;114159;4119;;;;;;;4303103
Homens;57173;55096;2077;;;;;;;4303103
Mulheres;61105;59063;2042;;;;;;;4303103
Campo Bom;60074;54197;3141;;2736;;;;;4303905
Homens;29471;26417;1595;;1459;;;;;4303905
Mulheres;30603;27780;1546;;1277;;;;;4303905
Canoas;323827;321347;2480;;;;;;;4304606
Homens;155936;154653;1283;;;;;;;4304606
Mulheres;167891;166694;1197;;;;;;;4304606
Capela de Santana;11612;6915;;;4697;;;;;4304689
Homens;5848;3421;;;2427;;;;;4304689
Mulheres;5764;3494;;;2270;;;;;4304689
Charqueadas;35320;28872;5618;;830;;;;;4305355
Homens;19533;14079;4903;;551;;;;;4305355
Mulheres;15787;14793;715;;279;;;;;4305355
Dois Irmãos;27572;27276;;;296;;;;;4306403
Homens;13653;13504;;;149;;;;;4306403
Mulheres;13919;13772;;;147;;;;;4306403
Eldorado do Sul;34343;30800;;;2691;852;;;;4306767
Homens;16999;15116;;;1462;421;;;;4306767
Mulheres;17344;15684;;;1229;431;;;;4306767
Estância Velha;42574;41484;;;815;275;;;;4307609
Homens;21035;20487;;;411;137;;;;4307609
Mulheres;21539;20997;;;404;138;;;;4307609
Esteio;80755;80643;;;112;;;;;4307708
Homens;38973;38910;;;63;;;;;4307708
Mulheres;41782;41733;;;49;;;;;4307708
Glorinha;6891;2065;;2;4824;;;;;4309050
Homens;3536;1015;;2;2519;;;;;4309050
Mulheres;3355;1050;;;2305;;;;;4309050
Gravataí;255660;223913;19584;;9956;479;1728;;;4309209
Homens;124880;108793;9739;;5215;260;873;;;4309209
Mulheres;130780;115120;9845;;4741;219;855;;;4309209
Guaíba;95204;89202;;3862;2140;;;;;4309308
Homens;46153;43071;;1909;1173;;;;;4309308
Mulheres;49051;46131;;1953;967;;;;;4309308
Ivoti;19874;18062;;;1812;;;;;4310801
Homens;9801;8845;;;956;;;;;4310801
Mulheres;10073;9217;;;856;;;;;4310801
Montenegro;59415;50513;3116;;5786;;;;;4312401
Homens;29245;24446;1610;;3189;;;;;4312401
Mulheres;30170;26067;1506;;2597;;;;;4312401
Nova Hartz;18346;15269;;;1629;1448;;;;4313060
Homens;9072;7544;;;840;688;;;;4313060
Mulheres;9274;7725;;;789;760;;;;4313060
Nova Santa Rita;22716;18306;922;247;3241;;;;;4313375
Homens;11441;9159;478;122;1682;;;;;4313375
Mulheres;11275;9147;444;125;1559;;;;;4313375
Novo Hamburgo;238940;231543;3255;;2148;;1994;;;4313409
Homens;115766;111983;1645;;1117;;1021;;;4313409
Mulheres;123174;119560;1610;;1031;;973;;;4313409
Parobé;51502;48633;;;2492;;377;;;4314050
Homens;25449;23982;;;1275;;192;;;4314050
Mulheres;26053;24651;;;1217;;185;;;4314050
Portão;30920;25276;;;5111;533;;;;4314803
Homens;15515;12577;;;2664;274;;;;4314803
Mulheres;15405;12699;;;2447;259;;;;4314803
Porto Alegre;1409351;1389997;19354;;;;;;;4314902
Homens;653787;644315;9472;;;;;;;4314902
Mulheres;755564;745682;9882;;;;;;;4314902
Santo Antônio da Patrulha;39685;20074;7420;620;11190;381;;;;4317608
Homens;19756;9690;3697;317;5861;191;;;;4317608
Mulheres;19929;10384;3723;303;5329;190;;;;4317608
São Jerônimo;22134;16578;;477;5079;;;;;4318408
Homens;11026;8041;;246;2739;;;;;4318408
Mulheres;11108;8537;;231;2340;;;;;4318408
São Leopoldo;214087;213238;;;483;;366;;;4318705
Homens;104242;103790;;;262;;190;;;4318705
Mulheres;109845;109448;;;221;;176;;;4318705
Sapiranga;74985;69644;;2642;2304;222;173;;;4319901
Homens;36989;34228;;1330;1228;118;85;;;4319901
Mulheres;37996;35416;;1312;1076;104;88;;;4319901
Sapucaia do Sul;130957;127543;2926;;488;;;;;4320008
Homens;63747;61977;1523;;247;;;;;4320008
Mulheres;67210;65566;1403;;241;;;;;4320008
Taquara;54643;45080;186;;8254;;1123;;;4321204
Homens;26866;21887;93;;4312;;574;;;4321204
Mulheres;27777;23193;93;;3942;;549;;;4321204
Triunfo;25793;12654;328;3875;8688;;248;;;4322004
Homens;12933;6198;169;1961;4477;;128;;;4322004
Mulheres;12860;6456;159;1914;4211;;120;;;4322004
Viamão;239384;205297;19646;;10841;1568;1221;322;489;4323002
Homens;116483;99172;9841;;5610;794;622;190;254;4323002
Mulheres;122901;106125;9805;;5231;774;599;132;235;4323002
Vale do Rio Cuiabá  MT;833766;792539;8381;;30607;;2239;;;5101
Homens;410602;388213;4143;;17053;;1193;;;5101
Mulheres;423164;404326;4238;;13554;;1046;;;5101
Cuiabá;551098;532433;8381;;8475;;1809;;;5103403
Homens;269204;259367;4143;;4721;;973;;;5103403
Mulheres;281894;273066;4238;;3754;;836;;;5103403
Nossa Senhora do Livramento;11609;4242;;;7367;;;;;5106109
Homens;6270;2127;;;4143;;;;;5106109
Mulheres;5339;2115;;;3224;;;;;5106109
Santo Antônio do Leverger;18463;7160;;;11003;;300;;;5107800
Homens;9861;3607;;;6107;;147;;;5107800
Mulheres;8602;3553;;;4896;;153;;;5107800
Várzea Grande;252596;248704;;;3762;;130;;;5108402
Homens;125267;123112;;;2082;;73;;;5108402
Mulheres;127329;125592;;;1680;;57;;;5108402
Goiânia  GO;2173141;2115090;6095;8889;35228;2266;5573;;;21
Homens;1053006;1022246;3145;4414;19220;1115;2866;;;21
Mulheres;1120135;1092844;2950;4475;16008;1151;2707;;;21
Abadia de Goiás;6876;5081;;;1238;229;328;;;5200050
Homens;3371;2408;;;675;116;172;;;5200050
Mulheres;3505;2673;;;563;113;156;;;5200050
Aparecida de Goiânia;455657;454932;261;;464;;;;;5201405
Homens;224798;224401;146;;251;;;;;5201405
Mulheres;230859;230531;115;;213;;;;;5201405
Aragoiânia;8365;5528;;;2296;;541;;;5201801
Homens;4265;2753;;;1243;;269;;;5201801
Mulheres;4100;2775;;;1053;;272;;;5201801
Bela Vista de Goiás;24554;17955;;;5410;;1189;;;5203302
Homens;12612;8956;;;3024;;632;;;5203302
Mulheres;11942;8999;;;2386;;557;;;5203302
Bonfinópolis;7536;7021;;;515;;;;;5203559
Homens;3777;3506;;;271;;;;;5203559
Mulheres;3759;3515;;;244;;;;;5203559
Brazabrantes;3232;2015;155;;471;;591;;;5203609
Homens;1646;1004;82;;259;;301;;;5203609
Mulheres;1586;1011;73;;212;;290;;;5203609
Caldazinha;3325;1918;;;1407;;;;;5204557
Homens;1689;931;;;758;;;;;5204557
Mulheres;1636;987;;;649;;;;;5204557
Caturaí;4686;3319;;345;1022;;;;;5205208
Homens;2398;1655;;186;557;;;;;5205208
Mulheres;2288;1664;;159;465;;;;;5205208
Goianápolis;10695;9143;548;;1004;;;;;5208400
Homens;5453;4637;278;;538;;;;;5208400
Mulheres;5242;4506;270;;466;;;;;5208400
Goiânia;1302001;1285722;2810;8544;3890;712;323;;;5208707
Homens;620857;612596;1447;4228;2089;334;163;;;5208707
Mulheres;681144;673126;1363;4316;1801;378;160;;;5208707
Goianira;34060;33451;;;609;;;;;5208806
Homens;17120;16787;;;333;;;;;5208806
Mulheres;16940;16664;;;276;;;;;5208806
Guapó;13976;11333;;;2071;;572;;;5209200
Homens;6970;5548;;;1122;;300;;;5209200
Mulheres;7006;5785;;;949;;272;;;5209200
Hidrolândia;17398;10470;;;4764;1325;839;;;5209705
Homens;8942;5263;;;2586;665;428;;;5209705
Mulheres;8456;5207;;;2178;660;411;;;5209705
Inhumas;48246;45103;;;2809;;334;;;5210000
Homens;23666;21951;;;1535;;180;;;5210000
Mulheres;24580;23152;;;1274;;154;;;5210000
Nerópolis;24210;22315;914;;981;;;;;5214507
Homens;11923;10941;455;;527;;;;;5214507
Mulheres;12287;11374;459;;454;;;;;5214507
Nova Veneza;8129;6874;152;;1103;;;;;5215009
Homens;4128;3473;75;;580;;;;;5215009
Mulheres;4001;3401;77;;523;;;;;5215009
Santo Antônio de Goiás;4703;4108;163;;432;;;;;5219738
Homens;2389;2066;78;;245;;;;;5219738
Mulheres;2314;2042;85;;187;;;;;5219738
Senador Canedo;84443;83187;924;;332;;;;;5220454
Homens;42211;41543;493;;175;;;;;5220454
Mulheres;42232;41644;431;;157;;;;;5220454
Terezópolis de Goiás;6561;5509;168;;565;;319;;;5221197
Homens;3346;2757;91;;333;;165;;;5221197
Mulheres;3215;2752;77;;232;;154;;;5221197
Trindade;104488;100106;;;3845;;537;;;5221403
Homens;51445;49070;;;2119;;256;;;5221403
Mulheres;53043;51036;;;1726;;281;;;5221403
RIDE Petrolina/Juazeiro;686410;478315;2848;;111852;4342;76428;617;12008;520
Homens;338450;230134;1420;;59745;2113;38551;316;6171;520
Mulheres;347960;248181;1428;;52107;2229;37877;301;5837;520
Lagoa Grande  PE;22760;10416;;;5940;;5039;;1365;2608750
Homens;11317;4967;;;3138;;2498;;714;2608750
Mulheres;11443;5449;;;2802;;2541;;651;2608750
Orocó  PE;13180;4617;;;4408;;;;4155;2609808
Homens;6571;2180;;;2312;;;;2079;2609808
Mulheres;6609;2437;;;2096;;;;2076;2609808
Petrolina  PE;293962;216367;2848;;26707;4342;40852;;2846;2611101
Homens;143252;103331;1420;;14250;2113;20631;;1507;2611101
Mulheres;150710;113036;1428;;12457;2229;20221;;1339;2611101
Santa Maria da Boa Vista  PE;39435;14876;;;18278;;2022;617;3642;2612604
Homens;19868;7011;;;9612;;1058;316;1871;2612604
Mulheres;19567;7865;;;8666;;964;301;1771;2612604
Casa Nova  BA;64940;37543;;;25766;;1631;;;2907202
Homens;33091;18559;;;13750;;782;;;2907202
Mulheres;31849;18984;;;12016;;849;;;2907202
Curaçá  BA;32168;13719;;;12963;;5486;;;2909901
Homens;16467;6554;;;7106;;2807;;;2909901
Mulheres;15701;7165;;;5857;;2679;;;2909901
Juazeiro  BA;197965;160775;;;16312;;20878;;;2918407
Homens;97085;77799;;;8778;;10508;;;2918407
Mulheres;100880;82976;;;7534;;10370;;;2918407
Sobradinho  BA;22000;20002;;;1478;;520;;;2930774
Homens;10799;9733;;;799;;267;;;2930774
Mulheres;11201;10269;;;679;;253;;;2930774
RIDE Grande Teresina;1150959;1001275;3544;;116297;1070;22824;376;5573;510
Homens;546781;469263;1742;;60747;544;11446;209;2830;510
Mulheres;604178;532012;1802;;55550;526;11378;167;2743;510
Timon  MA;155460;135133;;;17922;;1909;;496;2112209
Homens;75561;65025;;;9291;;978;;267;2112209
Mulheres;79899;70108;;;8631;;931;;229;2112209
Altos  PI;38822;27388;;;10079;;214;;1141;2200400
Homens;19116;13127;;;5322;;102;;565;2200400
Mulheres;19706;14261;;;4757;;112;;576;2200400
Beneditinos  PI;9911;6261;;;3650;;;;;2201606
Homens;5014;3052;;;1962;;;;;2201606
Mulheres;4897;3209;;;1688;;;;;2201606
Coivaras  PI;3811;1173;;;2638;;;;;2202737
Homens;1970;584;;;1386;;;;;2202737
Mulheres;1841;589;;;1252;;;;;2202737
Curralinhos  PI;4183;1331;;;2317;;535;;;2203255
Homens;2144;643;;;1219;;282;;;2203255
Mulheres;2039;688;;;1098;;253;;;2203255
Demerval Lobão  PI;13278;10873;;;2405;;;;;2203305
Homens;6477;5218;;;1259;;;;;2203305
Mulheres;6801;5655;;;1146;;;;;2203305
José de Freitas  PI;37085;21589;12;;14570;;756;;158;2205508
Homens;18522;10464;7;;7574;;399;;78;2205508
Mulheres;18563;11125;5;;6996;;357;;80;2205508
Lagoa Alegre  PI;8008;3042;;;4966;;;;;2205557
Homens;4124;1513;;;2611;;;;;2205557
Mulheres;3884;1529;;;2355;;;;;2205557
Lagoa do Piauí  PI;3863;1672;;;2191;;;;;2205581
Homens;1990;814;;;1176;;;;;2205581
Mulheres;1873;858;;;1015;;;;;2205581
Miguel Leão  PI;1253;862;;;391;;;;;2206308
Homens;657;448;;;209;;;;;2206308
Mulheres;596;414;;;182;;;;;2206308
Monsenhor Gil  PI;10333;5309;;;4091;;933;;;2206407
Homens;5105;2536;;;2082;;487;;;2206407
Mulheres;5228;2773;;;2009;;446;;;2206407
Nazária  PI;8068;1652;;;5187;;700;;529;2206720
Homens;4085;806;;;2641;;359;;279;2206720
Mulheres;3983;846;;;2546;;341;;250;2206720
Teresina  PI;814230;765951;1606;;27624;1070;14616;114;3249;2211001
Homens;380612;355840;767;;14484;544;7269;67;1641;2211001
Mulheres;433618;410111;839;;13140;526;7347;47;1608;2211001
União  PI;42654;19039;1926;;18266;;3161;262;;2211100
Homens;21404;9193;968;;9531;;1570;142;;2211100
Mulheres;21250;9846;958;;8735;;1591;120;;2211100
RIDE Distrito Federal e Entorno;3717728;3454711;30292;15071;155899;28171;30658;762;2164;530
Homens;1801936;1660689;15443;7501;87002;14284;15478;405;1134;530
Mulheres;1915792;1794022;14849;7570;68897;13887;15180;357;1030;530
Buritis  MG;22737;15972;128;;5876;;761;;;3109303
Homens;11552;7877;70;;3210;;395;;;3109303
Mulheres;11185;8095;58;;2666;;366;;;3109303
Unaí  MG;77565;59533;2796;;14506;568;162;;;3170404
Homens;39305;29338;1407;;8168;314;78;;;3170404
Mulheres;38260;30195;1389;;6338;254;84;;;3170404
Abadiânia  GO;15757;10778;;;4244;;735;;;5200100
Homens;8089;5275;;;2446;;368;;;5200100
Mulheres;7668;5503;;;1798;;367;;;5200100
Água Fria de Goiás  GO;5090;2137;;;2505;;448;;;5200175
Homens;2731;1095;;;1391;;245;;;5200175
Mulheres;2359;1042;;;1114;;203;;;5200175
Águas Lindas de Goiás  GO;159378;158748;390;;240;;;;;5200258
Homens;79726;79358;229;;139;;;;;5200258
Mulheres;79652;79390;161;;101;;;;;5200258
Alexânia  GO;23814;17545;2131;;3763;;375;;;5200308
Homens;12010;8649;1093;;2069;;199;;;5200308
Mulheres;11804;8896;1038;;1694;;176;;;5200308
Cabeceiras  GO;7354;5505;;;1435;;414;;;5204003
Homens;3778;2763;;;807;;208;;;5204003
Mulheres;3576;2742;;;628;;206;;;5204003
Cidade Ocidental  GO;55915;43654;;;1025;10511;725;;;5205497
Homens;27430;21182;;;557;5323;368;;;5205497
Mulheres;28485;22472;;;468;5188;357;;;5205497
Cocalzinho de Goiás  GO;17407;6444;;;4315;;6648;;;5205513
Homens;8952;3192;;;2439;;3321;;;5205513
Mulheres;8455;3252;;;1876;;3327;;;5205513
Corumbá de Goiás  GO;10361;6416;;;3721;;224;;;5205802
Homens;5415;3258;;;2038;;119;;;5205802
Mulheres;4946;3158;;;1683;;105;;;5205802
Cristalina  GO;46580;38375;46;;7279;166;714;;;5206206
Homens;23977;19541;22;;3980;79;355;;;5206206
Mulheres;22603;18834;24;;3299;87;359;;;5206206
Formosa  GO;100085;92023;;;7931;;;;131;5208004
Homens;49959;45385;;;4498;;;;76;5208004
Mulheres;50126;46638;;;3433;;;;55;5208004
Luziânia  GO;174531;162177;630;;9511;1444;769;;;5212501
Homens;87087;80346;338;;5246;770;387;;;5212501
Mulheres;87444;81831;292;;4265;674;382;;;5212501
Mimoso de Goiás  GO;2685;1242;;;1443;;;;;5213053
Homens;1427;632;;;795;;;;;5213053
Mulheres;1258;610;;;648;;;;;5213053
Novo Gama  GO;95018;91786;2185;;1047;;;;;5215231
Homens;46672;44956;1118;;598;;;;;5215231
Mulheres;48346;46830;1067;;449;;;;;5215231
Padre Bernardo  GO;27671;10786;;;6093;10792;;;;5215603
Homens;13992;5269;;;3248;5475;;;;5215603
Mulheres;13679;5517;;;2845;5317;;;;5215603
Pirenópolis  GO;23006;15563;;;5416;;2027;;;5217302
Homens;11797;7750;;;3016;;1031;;;5217302
Mulheres;11209;7813;;;2400;;996;;;5217302
Planaltina  GO;81649;75768;1814;;4067;;;;;5217609
Homens;40574;37342;921;;2311;;;;;5217609
Mulheres;41075;38426;893;;1756;;;;;5217609
Santo Antônio do Descoberto  GO;63248;56471;337;;3817;2215;408;;;5219753
Homens;31371;27771;180;;2130;1109;181;;;5219753
Mulheres;31877;28700;157;;1687;1106;227;;;5219753
Valparaíso de Goiás  GO;132982;130620;2362;;;;;;;5221858
Homens;64624;63422;1202;;;;;;;5221858
Mulheres;68358;67198;1160;;;;;;;5221858
Vila Boa  GO;4735;3502;;;994;;;239;;5222203
Homens;2588;1875;;;586;;;127;;5222203
Mulheres;2147;1627;;;408;;;112;;5222203
Brasília  DF;2570160;2449666;17473;15071;66671;2475;16248;523;2033;5300108
Homens;1228880;1164413;8863;7501;37330;1214;8223;278;1058;5300108
Mulheres;1341280;1285253;8610;7570;29341;1261;8025;245;975;5300108
