IBGE2;Município;Transf_Correntes;Transf_Capital;Receita_Total
  10;ABADIA DOS DOURADOS;  19402798;  577395,50;  19980193
  20;ABAETÉ;  40678385; 2883342,41;  43561727
  30;ABRE CAMPO;  26533903; 2896970,33;  29430873
  40;ACAIACA;  13618482;  212800,84;  13831282
  50;AÇUCENA;  17261215; 1134475,00;  18395690
  60;ÁGUA BOA;  26623472; 1292944,78;  27916417
  70;ÁGUA COMPRIDA;  16617125;  810281,82;  17427407
  80;AGUANIL;  13477578;  716875,46;  14194453
  90;ÁGUAS FORMOSAS;  37429465;       0,00;  37429465
 100;ÁGUAS VERMELHAS;  24091437;  250000,00;  24341437
 110;AIMORÉS;  49518235;  501017,27;  50019252
 120;AIURUOCA;  15686791;  347358,28;  16034149
 130;ALAGOA;  13048190;       0,00;  13048190
 140;ALBERTINA;  13012592;   28875,00;  13041467
 150;ALÉM PARAÍBA;  59781638; 5499867,21;  65281505
 160;ALFENAS; 177870052; 1835760,40; 179705812
 163;ALFREDO VASCONCELOS;  15214835;  843837,52;  16058672
 170;ALMENARA;  66044054;  124880,88;  66168935
 180;ALPERCATA;  17837582;       0,00;  17837582
 190;ALPINÓPOLIS;  34416676; 1001825,21;  35418502
 200;ALTEROSA;  29432776; 1062870,01;  30495646
 205;ALTO CAPARAÓ;  15364883;  232390,07;  15597273
5350;ALTO JEQUITIBÁ;  16460709;  937918,58;  17398628
 210;ALTO RIO DOCE;  18996095;       0,00;  18996095
 220;ALVARENGA;  13630211;  821025,00;  14451236
 230;ALVINÓPOLIS;  28107931; 1238462,77;  29346394
 240;ALVORADA DE MINAS;  19111744; 1189344,89;  20301089
 250;AMPARO DO SERRA;  13891152;  745599,15;  14636751
 260;ANDRADAS;  64967825; 1365715,44;  66333540
 280;ANDRELÂNDIA;  24985056;  304431,17;  25289487
 285;ANGELÂNDIA;  18989714; 1349924,56;  20339639
 290;ANTÔNIO CARLOS;  21792053;       0,00;  21792053
 300;ANTÔNIO DIAS;  23340235;  595576,45;  23935812
 310;ANTÔNIO PRADO DE MINAS;  12012586;       0,00;  12012586
 320;ARAÇAÍ;  12925092;  473500,00;  13398592
 330;ARACITABA;  11513329;  100000,00;  11613329
 340;ARAÇUAÍ;  56992445; 1763676,22;  58756121
 350;ARAGUARI; 210798798; 2065225,77; 212864023
 360;ARANTINA;  13105843;  417000,00;  13522843
 370;ARAPONGA;  16761540; 1308746,94;  18070287
 375;ARAPORÃ;  50211181; 1270216,00;  51481397
 380;ARAPUÁ;  13629655;       0,00;  13629655
 390;ARAÚJOS;  20019122;       0,00;  20019122
 400;ARAXÁ; 351659578; 6568108,04; 358227686
 410;ARCEBURGO;  26387351;  125523,12;  26512874
 420;ARCOS;  86251510; 2431934,87;  88683444
 430;AREADO;  28319694;  389605,50;  28709299
 440;ARGIRITA;NA;NA;         0
 445;ARICANDUVA;  14936577;  526133,74;  15462710
 450;ARINOS;  36437866; 5273143,10;  41711009
 460;ASTOLFO DUTRA;  27556834;  822936,94;  28379771
 470;ATALÉIA;  25818761;  260667,27;  26079428
 480;AUGUSTO DE LIMA;  15341162;  437622,32;  15778785
 490;BAEPENDI;  40729830;  796614,88;  41526445
 500;BALDIM;  17085651;  224973,67;  17310625
 510;BAMBUÍ;  44322283; 1039215,79;  45361499
 520;BANDEIRA;  15014006; 2278590,00;  17292596
 530;BANDEIRA DO SUL;  14374465;  417875,00;  14792340
 540;BARÃO DE COCAIS;  87658867;  420000,00;  88078867
 550;BARÃO DE MONTE ALTO;  16363904; 1174623,03;  17538527
 560;BARBACENA; 191141016; 8201891,94; 199342908
 570;BARRA LONGA;  13700016; 1069171,99;  14769188
 590;BARROSO;  39933706; 1389710,61;  41323417
 600;BELA VISTA DE MINAS;  27143295;  580152,22;  27723447
 610;BELMIRO BRAGA;  14607166;   95000,00;  14702166
 620;BELO HORIZONTE;4292017128;39648375,74;4331665504
 630;BELO ORIENTE;  66698036;  343095,99;  67041132
 640;BELO VALE;  37583136; 1233065,90;  38816201
 650;BERILO;  21428026;  291511,76;  21719538
 665;BERIZAL;  13629370;  299950,00;  13929320
 660;BERTÓPOLIS;  12935526;   22988,89;  12958515
 670;BETIM;1231994059; 2872950,00;1234867009
 680;BIAS FORTES;  12361283;  274717,33;  12636000
 690;BICAS;  28941518; 1115280,68;  30056798
 700;BIQUINHAS;NA;NA;         0
 710;BOA ESPERANÇA;NA;NA;         0
 720;BOCAINA DE MINAS;  14382346;  278535,42;  14660882
 730;BOCAIÚVA;  76371068;  993739,48;  77364807
 740;BOM DESPACHO;  73172335; 1827414,40;  74999750
 750;BOM JARDIM DE MINAS;  16668660;  199719,32;  16868379
 760;BOM JESUS DA PENHA;  15738127;  144000,00;  15882127
 770;BOM JESUS DO AMPARO;  15183732;  124900,00;  15308632
 780;BOM JESUS DO GALHO;  26332902;  242950,20;  26575852
 790;BOM REPOUSO;  23421428;  679220,68;  24100648
 800;BOM SUCESSO;  31795751;  366233,01;  32161984
 810;BONFIM;  15851389;  539480,00;  16390869
 820;BONFINÓPOLIS DE MINAS;  21528722; 1140585,96;  22669308
 825;BONITO DE MINAS;  23539403; 1211715,10;  24751118
 830;BORDA DA MATA;  34211356; 1093317,52;  35304674
 840;BOTELHOS;  27294836;  237650,00;  27532486
 850;BOTUMIRIM;  15410074;  403185,64;  15813260
 870;BRÁS PIRES;  13781270;  102325,97;  13883595
 855;BRASILÂNDIA DE MINAS;  28384545;  983525,00;  29368070
 860;BRASÍLIA DE MINAS;  60293641; 1562616,34;  61856257
 890;BRASÓPOLIS;  23802556; 1292267,18;  25094823
 880;BRAÚNAS;  16744684;  222925,00;  16967609
 900;BRUMADINHO; 162223126;  837529,44; 163060655
 910;BUENO BRANDÃO;  20518306;  530080,24;  21048386
 920;BUENÓPOLIS;  22754373;  959325,00;  23713698
 925;BUGRE;  13234301; 1250434,40;  14484735
 930;BURITIS;  55476141;  716718,63;  56192860
 940;BURITIZEIRO;  47142812;  451796,86;  47594609
 945;CABECEIRA GRANDE;  22886181;  560266,98;  23446448
 950;CABO VERDE;  25906788; 1379470,00;  27286258
 960;CACHOEIRA DA PRATA;  11822307;   83564,80;  11905871
 970;CACHOEIRA DE MINAS;  23402811;  725500,00;  24128311
 270;CACHOEIRA DE PAJEÚ;  19327233; 1318672,36;  20645905
 980;CACHOEIRA DOURADA;  26361180;  552345,00;  26913525
 990;CAETANÓPOLIS;  21729076;  291166,81;  22020243
1000;CAETÉ;  55038648; 1708648,32;  56747296
1010;CAIANA;  14257490;  453038,05;  14710528
1020;CAJURI;  14837624;  100000,00;  14937624
1030;CALDAS;  24342252;  172404,76;  24514656
1040;CAMACHO;  12766471;       0,00;  12766471
1050;CAMANDUCAIA;  42475527; 1726929,36;  44202456
1060;CAMBUÍ;  43690931; 5508949,74;  49199881
1070;CAMBUQUIRA;  23118236; 1191250,00;  24309486
1080;CAMPANÁRIO;  13688030;  210000,00;  13898030
1090;CAMPANHA;  29829860; 2060345,66;  31890205
1100;CAMPESTRE;  36724316;  436000,00;  37160316
1110;CAMPINA VERDE;  34152418;  880203,83;  35032622
1115;CAMPO AZUL;  13687341;  535870,00;  14223211
1120;CAMPO BELO;  96458047;  561607,50;  97019654
1130;CAMPO DO MEIO;  23512826;  677832,72;  24190659
1140;CAMPO FLORIDO;  30652577;  684214,93;  31336792
1150;CAMPOS ALTOS;  33668586;  396420,00;  34065006
1160;CAMPOS GERAIS;  43487953; 1115080,00;  44603033
1190;CANA VERDE;  15019323;  741197,50;  15760521
1170;CANAÃ;  14223721;  259923,34;  14483644
1180;CANÁPOLIS;  29775106;  322753,60;  30097860
1200;CANDEIAS;  29551115;  175500,00;  29726615
1205;CANTAGALO;  13828493;  182323,72;  14010817
1210;CAPARAÓ;  15439179;  854953,26;  16294132
1220;CAPELA NOVA;  12938193;  579757,09;  13517951
1230;CAPELINHA;  53226801; 4484571,81;  57711372
1240;CAPETINGA;  16295626;  269380,25;  16565007
1250;CAPIM BRANCO;  17560669;  645626,83;  18206296
1260;CAPINÓPOLIS;  36734978;  693795,00;  37428773
1265;CAPITÃO ANDRADE;  15209171; 1579425,00;  16788596
1270;CAPITÃO ENÉAS;  33506693; 4379509,35;  37886202
1280;CAPITÓLIO;  20687025; 1946241,26;  22633267
1290;CAPUTIRA;  17876593;  835560,84;  18712153
1300;CARAÍ;  38312962;  714780,75;  39027742
1310;CARANAÍBA;  14158412;       0,00;  14158412
1320;CARANDAÍ;  51236563; 1608307,90;  52844871
1330;CARANGOLA;NA;NA;         0
1340;CARATINGA; 118751521;  103776,00; 118855297
1350;CARBONITA;  19667015; 2341407,44;  22008422
1360;CAREAÇU;  17234425;       0,00;  17234425
1370;CARLOS CHAGAS;  41434993;  367562,74;  41802556
1380;CARMÉSIA;  14514800;  224584,91;  14739385
1390;CARMO DA CACHOEIRA;  22163792;  360961,56;  22524753
1400;CARMO DA MATA;  23456027; 1227839,61;  24683866
1410;CARMO DE MINAS;  28122598; 2143503,83;  30266102
1420;CARMO DO CAJURU;  37168623; 2057539,07;  39226162
1430;CARMO DO PARANAÍBA;  52778274; 1695510,00;  54473784
1440;CARMO DO RIO CLARO;  42774240;  348243,24;  43122484
1450;CARMÓPOLIS DE MINAS;  35663332; 1726618,32;  37389950
1455;CARNEIRINHO;  44305537;  885570,00;  45191107
1460;CARRANCAS;  14733926; 1296753,08;  16030679
1470;CARVALHÓPOLIS;  14212310;  966755,63;  15179066
1480;CARVALHOS;  13043306;  252097,60;  13295403
1490;CASA GRANDE;  12412627;  799854,00;  13212481
1500;CASCALHO RICO;  16069581;  335000,00;  16404581
1510;CÁSSIA;  36535247; 1634267,28;  38169515
1530;CATAGUASES; 110408654; 4274706,09; 114683360
1535;CATAS ALTAS;  26399887;  127499,40;  26527386
1540;CATAS ALTAS DA NORUEGA;  10601441;  107429,93;  10708871
1545;CATUJI;  18390255; 1553625,49;  19943880
1547;CATUTI;  14939380; 1361722,42;  16301102
1550;CAXAMBU;  33748957; 1051731,37;  34800688
1560;CEDRO DO ABAETÉ;  11765046;  242070,63;  12007117
1570;CENTRAL DE MINAS;  16633237;    1175,71;  16634413
1580;CENTRALINA;  19443443; 2288915,18;  21732358
1590;CHÁCARA;  13435243;  460352,34;  13895595
1600;CHALÉ;  15062315;       0,00;  15062315
1610;CHAPADA DO NORTE;  28434473; 1821833,76;  30256306
1615;CHAPADA GAÚCHA;  29149669; 3650160,01;  32799829
1620;CHIADOR;  12964431;       0,00;  12964431
1630;CIPOTÂNEA;  13445098;  629666,59;  14074764
1640;CLARAVAL;  15727888;  508740,00;  16236628
1650;CLARO DOS POÇÕES;  16494901; 1421757,03;  17916658
1660;CLÁUDIO;  51656159; 1202168,57;  52858327
1670;COIMBRA;  16990774;  106007,37;  17096781
1680;COLUNA;  16752373;  380000,00;  17132373
1690;COMENDADOR GOMES;  16302505;  602953,43;  16905459
1700;COMERCINHO;  17961938;  255652,01;  18217590
1710;CONCEIÇÃO DA APARECIDA;  23531306;  387625,00;  23918931
1520;CONCEIÇÃO DA BARRA DE MINAS;  13299083;  214500,00;  13513583
1730;CONCEIÇÃO DAS ALAGOAS;  59139522; 1638248,23;  60777770
1720;CONCEIÇÃO DAS PEDRAS;  12210775;  259968,97;  12470744
1740;CONCEIÇÃO DE IPANEMA;  13714407;       0,00;  13714407
1750;CONCEIÇÃO DO MATO DENTRO;  64478152;10043801,77;  74521954
1760;CONCEIÇÃO DO PARÁ;  18514871;  612216,31;  19127088
1770;CONCEIÇÃO DO RIO VERDE;  25456321;  729492,35;  26185813
1780;CONCEIÇÃO DOS OUROS;  23451598;  127439,50;  23579037
1783;CÔNEGO MARINHO;  16563229;  441635,77;  17004865
1787;CONFINS;  18800580;   76648,77;  18877229
1790;CONGONHAL;  21486912;  515923,40;  22002836
1800;CONGONHAS; 250313344; 8577837,37; 258891181
1810;CONGONHAS DO NORTE;  13107471;  850855,14;  13958326
1820;CONQUISTA;  24312915;  642680,00;  24955595
1830;CONSELHEIRO LAFAIETE; 168104906; 3194128,12; 171299034
1840;CONSELHEIRO PENA;  37048411;  777865,76;  37826277
1850;CONSOLAÇÃO;  11748572;   97500,00;  11846072
1860;CONTAGEM; 856367704;26695993,07; 883063697
1870;COQUEIRAL;  18476772;  897500,40;  19374272
1880;CORAÇÃO DE JESUS;  41395458;  604475,31;  41999933
1890;CORDISBURGO;  15452684;  378370,25;  15831054
1900;CORDISLÂNDIA;  12703783;  100000,00;  12803783
1910;CORINTO;  41465440;  924246,18;  42389686
1920;COROACI;  25275169;       0,00;  25275169
1930;COROMANDEL;  50790003; 3336319,16;  54126323
1940;CORONEL FABRICIANO; 126418240; 4295697,97; 130713938
1950;CORONEL MURTA;  20260623;  280260,64;  20540884
1960;CORONEL PACHECO;  13064675;       0,00;  13064675
1970;CORONEL XAVIER CHAVES;  13126811;  587725,00;  13714536
1980;CÓRREGO DANTA;  13462972; 1138125,00;  14601097
1990;CÓRREGO DO BOM JESUS;  12270141;  130000,00;  12400141
1995;CÓRREGO FUNDO;  19138416;  872445,00;  20010861
2000;CÓRREGO NOVO;  13142389; 1951265,61;  15093654
2010;COUTO DE MAGALHÃES DE MINAS;  14299523;  438600,00;  14738123
2015;CRISÓLITA;  15014735;       0,00;  15014735
2020;CRISTAIS;  25202770;   15000,00;  25217770
2030;CRISTÁLIA;  16759096;       0,00;  16759096
2040;CRISTIANO OTONI;  16256500;       0,00;  16256500
2050;CRISTINA;  21954607; 1758995,00;  23713602
2060;CRUCILÂNDIA;  14301320;  491627,81;  14792948
2070;CRUZEIRO DA FORTALEZA;  16947897;  191792,80;  17139690
2080;CRUZÍLIA;  29944168;  947921,00;  30892089
2083;CUPARAQUE;  15301408; 3628052,69;  18929461
2087;CURRAL DE DENTRO;  17123051; 1463373,75;  18586425
2090;CURVELO; 129658824; 1412530,80; 131071355
2100;DATAS;  15204747; 1027008,41;  16231755
2110;DELFIM MOREIRA;  16815817;  945199,04;  17761016
2120;DELFINÓPOLIS;  22398651;  360375,58;  22759026
2125;DELTA;  27402364;  326988,00;  27729352
2130;DESCOBERTO;  14001535;  709621,95;  14711157
2140;DESTERRO DE ENTRE RIOS;  14878957;  501495,00;  15380452
2150;DESTERRO DO MELO;  14752821;  351901,50;  15104722
2160;DIAMANTINA;  73581276; 1824329,62;  75405605
2170;DIOGO DE VASCONCELOS;  13493958; 1910749,21;  15404707
2180;DIONÍSIO;  16272018; 1136254,25;  17408272
2190;DIVINÉSIA;  14080409;  876987,45;  14957397
2200;DIVINO;  33719850; 2237093,67;  35956944
2210;DIVINO DAS LARANJEIRAS;  15748823;       0,00;  15748823
2220;DIVINOLÂNDIA DE MINAS;  16245767;  766821,29;  17012588
2230;DIVINÓPOLIS; 348778419; 7103067,23; 355881487
2235;DIVISA ALEGRE;  17989296; 1653419,22;  19642715
2240;DIVISA NOVA;  15344429;  513960,00;  15858389
2245;DIVISÓPOLIS;  20093868;  422959,99;  20516828
2247;DOM BOSCO;  11182911;  433433,58;  11616345
2250;DOM CAVATI;  14292320;  400000,00;  14692320
2260;DOM JOAQUIM;  14920018; 1909293,28;  16829312
2270;DOM SILVÉRIO;  15232955;  558602,92;  15791558
2280;DOM VIÇOSO;  12214378;  590750,31;  12805128
2290;DONA EUZÉBIA;  13719518;  471423,07;  14190941
2300;DORES DE CAMPOS;  18566424; 1154721,18;  19721145
2310;DORES DE GUANHÃES;  17882008;  330000,00;  18212008
2320;DORES DO INDAIÁ;  28966448; 1655055,40;  30621503
2330;DORES DO TURVO;  13692145; 1394713,76;  15086859
2340;DORESÓPOLIS;  12453362;  111607,54;  12564969
2350;DOURADOQUARA;  13969113;  135000,00;  14104113
2352;DURANDÉ;  16284911;  481810,46;  16766722
2360;ELÓI MENDES;  39422528;  538882,60;  39961411
2370;ENGENHEIRO CALDAS;  23843419;  752280,57;  24595700
2380;ENGENHEIRO NAVARRO;  16953931;  121650,00;  17075581
2385;ENTRE FOLHAS;  14207550;  280073,05;  14487623
2390;ENTRE RIOS DE MINAS;  22176030;   25500,00;  22201530
2400;ERVÁLIA;  36291730; 1382229,76;  37673960
2410;ESMERALDAS;  92348154; 3017905,00;  95366059
2420;ESPERA FELIZ;  43220086;  790856,90;  44010943
2430;ESPINOSA;  48617120;  868817,32;  49485938
2440;ESPÍRITO SANTO DO DOURADO;  13908188;       0,00;  13908188
2450;ESTIVA;  22442453; 1357750,00;  23800203
2460;ESTRELA DALVA;  12042519;       0,00;  12042519
2470;ESTRELA DO INDAIÁ;  12924417;  300000,00;  13224417
2480;ESTRELA DO SUL;  28369227;  120000,00;  28489227
2490;EUGENÓPOLIS;  22803482;  756073,87;  23559555
2500;EWBANK DA CÂMARA;  12876354; 1035660,68;  13912015
2510;EXTREMA; 166875697; 1130001,61; 168005699
2520;FAMA;  11938733;  208845,82;  12147579
2530;FARIA LEMOS;  12393491;  670529,39;  13064021
2540;FELÍCIO DOS SANTOS;  16008796;  522228,48;  16531025
2560;FELISBURGO;  17128719;  250000,00;  17378719
2570;FELIXLÂNDIA;  31849524;  160245,80;  32009770
2580;FERNANDES TOURINHO;  12772596;  445686,15;  13218282
2590;FERROS;  21961221; 3148614,85;  25109836
2595;FERVEDOURO;  21988478;  528868,94;  22517347
2600;FLORESTAL;  12285985;   69971,50;  12355956
2610;FORMIGA;  89145957; 3763540,23;  92909498
2620;FORMOSO;  21575860; 1259790,18;  22835650
2630;FORTALEZA DE MINAS;  14051927;  326680,00;  14378607
2640;FORTUNA DE MINAS;  14736851;  598550,00;  15335401
2650;FRANCISCO BADARÓ;  18883059; 1180351,42;  20063410
2660;FRANCISCO DUMONT;  15590907;  498971,16;  16089878
2670;FRANCISCO SÁ;  43345060; 2244613,81;  45589674
2675;FRANCISCÓPOLIS;  15375525;       0,00;  15375525
2680;FREI GASPAR;  18321674;  277376,57;  18599051
2690;FREI INOCÊNCIO;  18092274;       0,00;  18092274
2695;FREI LAGONEGRO;  14224374;  466476,08;  14690850
2700;FRONTEIRA;  49522711;  708770,15;  50231481
2705;FRONTEIRA DOS VALES;  11396385; 1029080,00;  12425465
2707;FRUTA DE LEITE;  14738269;  801738,97;  15540008
2710;FRUTAL; 125121579; 4478052,62; 129599632
2720;FUNILÂNDIA;  14412871;  611662,97;  15024534
2730;GALILÉIA;  13334328;  108000,00;  13442328
2733;GAMELEIRAS;  13285227;  874080,00;  14159307
2735;GLAUCILÂNDIA;  12793424;  140000,00;  12933424
2737;GOIABEIRA;  13686158; 1707306,96;  15393465
2738;GOIANÁ;  13022708;  279900,00;  13302608
2740;GONÇALVES;  13617989;  815325,00;  14433314
2750;GONZAGA;  15975733;  361448,80;  16337182
2760;GOUVEIA;  21478503;   81600,00;  21560103
2770;GOVERNADOR VALADARES; 395082911;16450753,16; 411533664
2780;GRÃO MOGOL;  39259386;  908614,38;  40168001
2790;GRUPIARA;  13032828;  251915,64;  13284744
2800;GUANHÃES;  50761313; 1487107,54;  52248420
2810;GUAPÉ;  32603045;  647012,60;  33250058
2820;GUARACIABA;  17229752;  859685,52;  18089437
2825;GUARACIAMA;  14398071;  358925,00;  14756996
2830;GUARANÉSIA;  36813224;  318991,97;  37132216
2840;GUARANI;  18645038;  239873,00;  18884911
2850;GUARARÁ;  14438504;  763710,00;  15202214
2860;GUARDA-MOR;  33181297;  828687,50;  34009985
2870;GUAXUPÉ;  70706478; 3708790,57;  74415269
2880;GUIDOVAL;  16194425; 1434661,67;  17629087
2890;GUIMARÂNIA;  18707667; 1211194,97;  19918862
2900;GUIRICEMA;  15502243; 2821634,50;  18323877
2910;GURINHATÃ;  19653632; 3543703,12;  23197336
2920;HELIODORA;  15389317;  718197,52;  16107514
2930;IAPU;  22123102;  849589,73;  22972691
2940;IBERTIOGA;  15190397;  493100,00;  15683497
2950;IBIÁ;  54801400;  549970,00;  55351370
2960;IBIAÍ;  18380541;  600119,04;  18980660
2965;IBIRACATU;  16249787; 1103097,78;  17352885
2970;IBIRACI;  35906400;  533605,73;  36440006
2980;IBIRITÉ; 292798329; 3727097,70; 296525427
2990;IBITIÚRA DE MINAS;  12553888;  421250,00;  12975138
3000;IBITURUNA;  12616230;       0,00;  12616230
3005;ICARAÍ DE MINAS;  21780822;  870000,00;  22650822
3010;IGARAPÉ;  67700889;  860380,89;  68561270
3020;IGARATINGA;  23310579; 1522410,75;  24832990
3030;IGUATAMA;  20280632;       0,00;  20280632
3040;IJACI;  25724720;       0,00;  25724720
3050;ILICÍNEA;  25084587;  235980,00;  25320567
3055;IMBÉ DE MINAS;  15239056;  630145,99;  15869202
3060;INCONFIDENTES;  15753410;  673790,00;  16427200
3065;INDAIABIRA;  18087996;  440499,50;  18528495
3070;INDIANÓPOLIS;NA;NA;         0
3080;INGAÍ;  12976204;  266940,00;  13243144
3090;INHAPIM;  41078721; 1416700,10;  42495421
3100;INHAÚMA;  17254876;       1,46;  17254878
3110;INIMUTABA;  17356877;  863808,18;  18220685
3115;IPABA;  28504379; 1441048,72;  29945427
3120;IPANEMA;  33478629; 1504114,69;  34982744
3130;IPATINGA; 457687511;12132839,85; 469820350
3140;IPIAÇU;  19611656;    9947,32;  19621603
3150;IPUIÚNA;  19162772;  320000,00;  19482772
3160;IRAÍ DE MINAS;  20986096;  289532,34;  21275628
3170;ITABIRA; 404955488; 2565507,56; 407520996
3180;ITABIRINHA;  21664011; 3084629,08;  24748640
3190;ITABIRITO; 210841702; 2565331,13; 213407033
3200;ITACAMBIRA;  14497338;   99885,00;  14597223
3210;ITACARAMBI;  43687821; 1391254,98;  45079076
3220;ITAGUARA;  24342255;  439845,59;  24782100
3230;ITAIPÉ;  24825988;  623719,22;  25449707
3240;ITAJUBÁ; 171416309; 3828213,40; 175244523
3250;ITAMARANDIBA;  61422127; 2275265,52;  63697392
3260;ITAMARATI DE MINAS;  12584396;  455756,05;  13040152
3270;ITAMBACURI;  45364313; 7510425,33;  52874738
3280;ITAMBÉ DO MATO DENTRO;  11629909;  322894,50;  11952804
3290;ITAMOGI;  24152309;  903521,00;  25055830
3300;ITAMONTE;  32973362;  410321,43;  33383683
3310;ITANHANDU;  37182983; 1570773,42;  38753757
3320;ITANHOMI;  21096799; 1009205,33;  22106004
3330;ITAOBIM;  38408996;  476620,00;  38885616
3340;ITAPAGIPE;NA;NA;         0
3350;ITAPECERICA;  33090084;       0,00;  33090084
3360;ITAPEVA;  27018532; 1186130,89;  28204663
3370;ITATIAIUÇU;  67174238;  100000,00;  67274238
3375;ITAÚ DE MINAS;  48471830;  138396,20;  48610226
3380;ITAÚNA; 142914195; 2789999,31; 145704195
3390;ITAVERAVA;  13949045;   20801,82;  13969847
3400;ITINGA;  28035904;  611096,59;  28647001
3410;ITUETA;  15737656;  236372,06;  15974029
3420;ITUIUTABA; 168260039; 2162123,77; 170422163
3430;ITUMIRIM;  13973594;  109269,71;  14082864
3440;ITURAMA; 103392889; 5356836,54; 108749725
3450;ITUTINGA;  16516397;  195669,93;  16712067
3460;JABOTICATUBAS;  33186697; 2261656,26;  35448353
3470;JACINTO;  25108892;  827675,00;  25936567
3480;JACUÍ;  17289687;  466094,00;  17755781
3490;JACUTINGA;  46253795; 1241836,43;  47495631
3500;JAGUARAÇU;  13696373;       0,00;  13696373
3505;JAÍBA;  58201867; 2038253,00;  60240120
3507;JAMPRUCA;  14335105;  572608,64;  14907714
3510;JANAÚBA; 128563956; 2197180,89; 130761136
3520;JANUÁRIA;  90314472; 1653271,23;  91967743
3530;JAPARAÍBA;  14441909;  798621,96;  15240531
3535;JAPONVAR;  18146057; 1088255,34;  19234312
3540;JECEABA;  33993247;  176573,93;  34169820
3545;JENIPAPO DE MINAS;  15503756;  122215,40;  15625971
3550;JEQUERI;  26264048;  685795,28;  26949843
3560;JEQUITAÍ;  17368786;   40011,00;  17408797
3570;JEQUITIBÁ;  15920187;  429875,00;  16350062
3580;JEQUITINHONHA;  47171792;  812633,32;  47984425
3590;JESUÂNIA;  13430504;   85000,00;  13515504
3600;JOAÍMA;  33030580;  775000,00;  33805580
3610;JOANÉSIA;  15749472;  191875,00;  15941347
3620;JOÃO MONLEVADE; 140224482; 1943637,67; 142168119
3630;JOÃO PINHEIRO;  84360576; 1524315,00;  85884891
3640;JOAQUIM FELÍCIO;  16369375;  894751,28;  17264126
3650;JORDÂNIA;  19145789; 1090400,00;  20236189
3652;JOSÉ GONÇALVES DE MINAS;  14880109;  972796,70;  15852905
3655;JOSÉ RAYDAN;  14593306;  539390,92;  15132697
3657;JOSENÓPOLIS;  14820585;  952469,15;  15773055
3665;JUATUBA;  86029491;  987117,70;  87016608
3670;JUIZ DE FORA; 809887409;40756053,51; 850643462
3680;JURAMENTO;  14241229;  662918,97;  14904148
3690;JURUAIA;  21248757;  543299,84;  21792057
3695;JUVENÍLIA;  15977077;  283940,18;  16261017
3700;LADAINHA;  33606048; 1281179,03;  34887227
3710;LAGAMAR;  18687080;  406204,72;  19093284
3720;LAGOA DA PRATA;  75725064; 2385678,96;  78110743
3730;LAGOA DOS PATOS;  14643842;  618711,21;  15262553
3740;LAGOA DOURADA;  27799984; 1311101,30;  29111085
3750;LAGOA FORMOSA;  38374186; 3381085,10;  41755271
3753;LAGOA GRANDE;  20712330; 1982456,33;  22694787
3760;LAGOA SANTA; 108588829; 8578858,26; 117167688
3770;LAJINHA;  36458552;  574569,90;  37033122
3780;LAMBARI;  33541386;  184816,13;  33726202
3790;LAMIM;  12399901;  309735,81;  12709637
3800;LARANJAL;  16404707;  158843,11;  16563550
3810;LASSANCE;  19157980;  200000,00;  19357980
3820;LAVRAS; 177424567;  747453,83; 178172021
3830;LEANDRO FERREIRA;  12188834;  457717,73;  12646552
3835;LEME DO PRADO;  15820476;  724870,76;  16545347
3840;LEOPOLDINA;  78906787; 2491353,19;  81398140
3850;LIBERDADE;  13714078;  227354,02;  13941432
3860;LIMA DUARTE;  30553765; 1171707,68;  31725472
3862;LIMEIRA DO OESTE;  23710039; 1154083,00;  24864122
3865;LONTRA;  18147907; 2500406,60;  20648313
3867;LUISBURGO;  15918103; 2818344,03;  18736447
3868;LUISLÂNDIA;  14776646;  795927,95;  15572574
3870;LUMINÁRIAS;  14202976;  917000,00;  15119976
3880;LUZ;  32132367; 1195875,72;  33328243
3890;MACHACALIS;  17306447;       0,00;  17306447
3900;MACHADO;  65610384;  134000,00;  65744384
3910;MADRE DE DEUS DE MINAS;  15179097;  175000,00;  15354097
3920;MALACACHETA;  34024184; 4132811,20;  38156995
3925;MAMONAS;  16639659;   93518,37;  16733177
3930;MANGA;  45731902; 4104451,20;  49836353
3940;MANHUAÇU; 140304383; 1340103,00; 141644486
3950;MANHUMIRIM;NA;NA;         0
3960;MANTENA;  47899617; 2656579,09;  50556196
3980;MAR DE ESPANHA;  17803338; 1683558,03;  19486896
3970;MARAVILHAS;  18270533; 1745299,33;  20015832
3990;MARIA DA FÉ;  29791148;  716501,30;  30507649
4000;MARIANA; 255496842; 3289977,98; 258786820
4010;MARILAC;  13507356; 2578567,33;  16085924
4015;MÁRIO CAMPOS;  29357625;  329903,59;  29687528
4020;MARIPÁ DE MINAS;  13862589;  725391,70;  14587981
4030;MARLIÉRIA;  16638396;  367025,00;  17005421
4040;MARMELÓPOLIS;  11593290;  251005,00;  11844295
4050;MARTINHO CAMPOS;  28318929; 2003916,00;  30322845
4053;MARTINS SOARES;  14917925; 1497619,13;  16415544
4055;MATA VERDE;  17130269;  239160,00;  17369429
4060;MATERLÂNDIA;  15077672;       0,00;  15077672
4070;MATEUS LEME;  55746591;  748655,90;  56495247
7150;MATHIAS LOBATO;  13604104;  696980,00;  14301084
4080;MATIAS BARBOSA;  42164945;  285744,39;  42450690
4085;MATIAS CARDOSO;  27005052;  440568,54;  27445621
4090;MATIPÓ;  33398970;  835139,36;  34234109
4100;MATO VERDE;  23119655; 8360367,59;  31480023
4110;MATOZINHOS;  65817252;  150000,00;  65967252
4120;MATUTINA;  13888245;  497088,82;  14385334
4130;MEDEIROS;  15940391;  262896,39;  16203287
4140;MEDINA;  35010164; 2139531,45;  37149696
4150;MENDES PIMENTEL;  15466746; 1031629,52;  16498376
4160;MERCÊS;  19125936; 2566363,07;  21692299
4170;MESQUITA;  14703497;  191808,34;  14895306
4180;MINAS NOVAS;  49258384; 1336494,70;  50594878
4190;MINDURI;  13563901;  325000,00;  13888901
4200;MIRABELA;  25764455;  851199,26;  26615654
4210;MIRADOURO;  23487970; 2318606,82;  25806577
4220;MIRAÍ;  27436369;  836376,14;  28272745
4225;MIRAVÂNIA;  15765706;  396583,59;  16162289
4230;MOEDA;  15036009;       0,00;  15036009
4240;MOEMA;  16803012; 2314742,11;  19117754
4250;MONJOLOS;  12744050;  147650,00;  12891700
4260;MONSENHOR PAULO;  18996744;  846622,00;  19843366
4270;MONTALVÂNIA;  27748194; 7187911,38;  34936106
4280;MONTE ALEGRE DE MINAS;  50742716; 3088244,97;  53830961
4290;MONTE AZUL;  35281907; 2122698,61;  37404606
4300;MONTE BELO;  24354132;  897700,13;  25251832
4310;MONTE CARMELO;  81469154; 6121633,48;  87590788
4315;MONTE FORMOSO;  14396998;  349235,17;  14746233
4320;MONTE SANTO DE MINAS;  41197976;  685114,15;  41883091
4340;MONTE SIÃO;  41111704; 1992878,37;  43104583
4330;MONTES CLAROS; 427304382; 8079626,01; 435384008
4345;MONTEZUMA;  15935018;  260000,00;  16195018
4350;MORADA NOVA DE MINAS;  28680346; 1456732,97;  30137079
4360;MORRO DA GARÇA;  14454148;  743760,98;  15197909
4370;MORRO DO PILAR;NA;NA;         0
4380;MUNHOZ;  14676958;  766293,90;  15443252
4390;MURIAÉ; 129765846;11332149,44; 141097995
4400;MUTUM;  43276067; 3428713,12;  46704780
4410;MUZAMBINHO;  30127001;  452245,38;  30579247
4420;NACIP RAYDAN;  12413566;       0,00;  12413566
4430;NANUQUE;  58330697; 1686649,65;  60017347
4435;NAQUE;  15464678;  250000,00;  15714678
4437;NATALÂNDIA;  13843891;       0,00;  13843891
4440;NATÉRCIA;  13772407; 1803758,61;  15576165
4450;NAZARENO;  22145880;  701594,00;  22847474
4460;NEPOMUCENO;  40071542; 1402705,00;  41474247
4465;NINHEIRA;  22322288;  976845,69;  23299134
4467;NOVA BELÉM;  20900125;       0,00;  20900125
4470;NOVA ERA;  31024676;  782100,00;  31806776
4480;NOVA LIMA; 353923312;  215527,23; 354138839
4490;NOVA MÓDICA;  14143661;  882274,59;  15025936
4500;NOVA PONTE;  49774288; 1187249,04;  50961537
4505;NOVA PORTEIRINHA;  17261718;  961806,22;  18223525
4510;NOVA RESENDE;  32406157; 1840000,00;  34246157
4520;NOVA SERRANA; 139820684; 2869197,14; 142689881
3660;NOVA UNIÃO;  14571881;  188590,00;  14760471
4530;NOVO CRUZEIRO;  50281869; 6664827,91;  56946697
4535;NOVO ORIENTE DE MINAS;  21228216; 1360712,02;  22588928
4537;NOVORIZONTE;  15883202;  735650,00;  16618852
4540;OLARIA;  12194860;   57683,07;  12252543
4545;OLHOS-D'ÁGUA;  17052885; 1299426,46;  18352311
4550;OLÍMPIO NORONHA;  13184768;  662397,52;  13847165
4560;OLIVEIRA;  57587334; 3277834,11;  60865168
4570;OLIVEIRA FORTES;  11882319;       0,00;  11882319
4580;ONÇA DE PITANGUI;  13369267;  306255,00;  13675522
4585;ORATÓRIOS;  16264987;  284763,64;  16549751
4587;ORIZÂNIA;  18306372;  233200,00;  18539572
4590;OURO BRANCO;  91455287;  237700,00;  91692987
4600;OURO FINO;  47683517; 1171601,00;  48855118
4610;OURO PRETO; 278721396;  990176,63; 279711573
4620;OURO VERDE DE MINAS;  14496788;  248779,88;  14745568
4625;PADRE CARVALHO;  15492525;  148284,47;  15640810
4630;PADRE PARAÍSO;  36929368; 2016268,76;  38945637
4655;PAI PEDRO;  18515472;  542826,09;  19058298
4640;PAINEIRAS;  14653447;       0,00;  14653447
4650;PAINS;  27961795; 1959468,85;  29921264
4660;PAIVA;  11243591;  195446,64;  11439037
4670;PALMA;  15384183;  892341,36;  16276525
4675;PALMÓPOLIS;  15541189; 1301592,77;  16842782
4690;PAPAGAIOS;  29340283;  672155,00;  30012438
4710;PARÁ DE MINAS; 155616732; 3751397,51; 159368129
4700;PARACATU; 172958469; 3561154,72; 176519623
4720;PARAGUAÇU;  38195385;  912527,40;  39107912
4730;PARAISÓPOLIS;  36131536; 4201878,10;  40333414
4740;PARAOPEBA;  45615876;  133115,00;  45748991
4760;PASSA QUATRO;  29740910; 6898218,51;  36639128
4770;PASSA TEMPO;  18930037;       0,00;  18930037
4750;PASSABÉM;  11305769;  150000,00;  11455769
4780;PASSA-VINTE;  12789034;  110000,00;  12899034
4790;PASSOS; 129582343; 5388134,03; 134970477
4795;PATIS;  16335722;  933525,22;  17269247
4800;PATOS DE MINAS; 268506920; 6208891,23; 274715811
4810;PATROCÍNIO; 173205088;  980723,50; 174185812
4820;PATROCÍNIO DO MURIAÉ;  14325976;  375925,00;  14701901
4830;PAULA CÂNDIDO;  18945143; 1148561,42;  20093704
4840;PAULISTAS;  13701347;  473324,29;  14174671
4850;PAVÃO;  16235009;  534000,00;  16769009
4860;PEÇANHA;  30811244;  178101,60;  30989345
4870;PEDRA AZUL;  46196924; 1436878,73;  47633802
4875;PEDRA BONITA;  18346683;  866980,29;  19213664
4880;PEDRA DO ANTA;  13658450;  272895,80;  13931346
4890;PEDRA DO INDAIÁ;  14372388;  847909,45;  15220297
4900;PEDRA DOURADA;  14074170;   80175,64;  14154345
4910;PEDRALVA;  21707070;  521630,49;  22228700
4915;PEDRAS DE MARIA DA CRUZ;  21728724;  705875,00;  22434599
4920;PEDRINÓPOLIS;  20800319;       0,00;  20800319
4930;PEDRO LEOPOLDO; 119126360; 3680408,20; 122806768
4940;PEDRO TEIXEIRA;  10182790;  117000,00;  10299790
4950;PEQUERI;  13934347;  704802,00;  14639149
4960;PEQUI;  14258589;       0,00;  14258589
4990;PERDÕES;  40198804; 1647370,80;  41846174
4970;PERDIGÃO;  22509935; 1359997,44;  23869933
4980;PERDIZES;  52395878; 1028395,06;  53424273
4995;PERIQUITO;  19061475; 2427533,89;  21489009
5000;PESCADOR;  13749397;  686086,30;  14435483
5010;PIAU;  12332979;  269055,89;  12602035
5015;PIEDADE DE CARATINGA;  18353291;  225000,00;  18578291
5020;PIEDADE DE PONTE NOVA;  13751630;  185180,48;  13936811
5030;PIEDADE DO RIO GRANDE;  14044718;  683654,00;  14728372
5040;PIEDADE DOS GERAIS;  14081415;  566500,00;  14647915
5050;PIMENTA;  19549371; 2038009,21;  21587380
5053;PINGO-D'ÁGUA;  13662002;  407041,62;  14069044
5057;PINTÓPOLIS;  17667582; 1263212,00;  18930794
5060;PIRACEMA;  14870025;       0,00;  14870025
5070;PIRAJUBA;  22034696; 1205219,97;  23239916
5080;PIRANGA;  27297683;  270000,00;  27567683
5090;PIRANGUÇU;  14201238;  507426,54;  14708665
5100;PIRANGUINHO;  17483075;  702850,00;  18185925
5110;PIRAPETINGA;  27155514; 2319169,80;  29474684
5120;PIRAPORA; 121123024;       0,00; 121123024
5130;PIRAÚBA;  21965132; 1272358,88;  23237491
5140;PITANGUI;  42214540; 1821435,63;  44035976
5150;PIUMHI;  58434350; 1882605,00;  60316955
5160;PLANURA;  29008621; 1224923,73;  30233544
5170;POÇO FUNDO;  29645831; 1304404,32;  30950235
5180;POÇOS DE CALDAS; 372786560; 7263523,69; 380050084
5190;POCRANE;  17100851;       0,00;  17100851
5200;POMPÉU;  58729059; 1612729,24;  60341789
5210;PONTE NOVA; 115255614; 2097953,29; 117353567
5213;PONTO CHIQUE;  14001142;  910419,57;  14911562
5217;PONTO DOS VOLANTES;  33234798;  662490,12;  33897289
5220;PORTEIRINHA;  62516044; 2238029,80;  64754074
5230;PORTO FIRME;  18227002; 1755310,00;  19982312
5240;POTÉ;  29815489; 7837923,00;  37653412
5250;POUSO ALEGRE; 350996987;   60000,00; 351056987
5260;POUSO ALTO;  17543138;  762000,00;  18305138
5270;PRADOS;  18072855;  873378,10;  18946233
5280;PRATA;  57397917; 2010837,19;  59408755
5290;PRATÁPOLIS;  18266353;  563825,00;  18830178
5300;PRATINHA;  14184153;  201580,00;  14385733
5310;PRESIDENTE BERNARDES;  14653450;       0,00;  14653450
5320;PRESIDENTE JUSCELINO;  14920459;       0,00;  14920459
5330;PRESIDENTE KUBITSCHEK;  13547167;    1500,00;  13548667
5340;PRESIDENTE OLEGÁRIO;  44648057; 2248922,96;  46896980
5360;PRUDENTE DE MORAIS;  22618490;  312650,00;  22931140
5370;QUARTEL GERAL;  14563882;  875339,94;  15439222
5380;QUELUZITO;  11618464;       0,00;  11618464
5390;RAPOSOS;  28162166; 1216200,00;  29378366
5400;RAUL SOARES;  41145298;  571861,56;  41717159
5410;RECREIO;  17904033;  958867,01;  18862900
5415;REDUTO;  15908048;  773000,00;  16681048
5420;RESENDE COSTA;  21764326; 1291381,69;  23055708
5430;RESPLENDOR;  37232560;  505154,74;  37737715
5440;RESSAQUINHA;  16024238;       0,00;  16024238
5445;RIACHINHO;  17507614;  379845,09;  17887459
5450;RIACHO DOS MACHADOS;  22665857;       0,00;  22665857
5460;RIBEIRÃO DAS NEVES; 334188667;12418513,29; 346607180
5470;RIBEIRÃO VERMELHO;  13260847;   36600,00;  13297447
5480;RIO ACIMA;  44919788;       0,00;  44919788
5490;RIO CASCA;  30955942;  461100,00;  31417042
5510;RIO DO PRADO;  14234529;  326440,68;  14560970
5500;RIO DOCE;  13453966;  743359,77;  14197326
5520;RIO ESPERA;  13789425;  149000,00;  13938425
5530;RIO MANSO;  14361497;  138129,13;  14499626
5540;RIO NOVO;  16935953; 1149463,18;  18085417
5550;RIO PARANAÍBA;  32234343;  460489,16;  32694832
5560;RIO PARDO DE MINAS;  53508887; 1538690,74;  55047577
5570;RIO PIRACICABA;  37629790;  825174,42;  38454965
5580;RIO POMBA;  33324995; 1167674,02;  34492669
5590;RIO PRETO;  15780891;  168059,74;  15948951
5600;RIO VERMELHO;  27733360;  786083,35;  28519443
5610;RITÁPOLIS;  13608326;  634478,87;  14242805
5620;ROCHEDO DE MINAS;  12606843;  199650,00;  12806493
5630;RODEIRO;NA;NA;         0
5640;ROMARIA;  17222253;  457563,94;  17679817
5645;ROSÁRIO DA LIMEIRA;  16043649;  319846,10;  16363495
5650;RUBELITA;  17075171;  210000,00;  17285171
5660;RUBIM;  23430578;       0,00;  23430578
5670;SABARÁ; 189758634; 4581748,88; 194340383
5680;SABINÓPOLIS;  27074754; 1229382,68;  28304137
5690;SACRAMENTO;  89009896; 3408324,08;  92418220
5700;SALINAS;  62947169; 4834229,26;  67781398
5710;SALTO DA DIVISA;  22502560;  841262,39;  23343822
5720;SANTA BÁRBARA;  83257298; 1838190,36;  85095489
5725;SANTA BÁRBARA DO LESTE;  16690357;  804592,00;  17494949
5727;SANTA BÁRBARA DO MONTE VERDE;  13363492;  233215,00;  13596707
5730;SANTA BÁRBARA DO TUGÚRIO;  14325878;       0,00;  14325878
5733;SANTA CRUZ DE MINAS;  14272554;  676386,50;  14948941
5737;SANTA CRUZ DE SALINAS;  14814880;  295620,00;  15110500
5740;SANTA CRUZ DO ESCALVADO;  15951916;  854652,43;  16806569
5750;SANTA EFIGÊNIA DE MINAS;  13918917;       0,00;  13918917
5760;SANTA FÉ DE MINAS;  13955131;  796098,05;  14751229
5765;SANTA HELENA DE MINAS;  14362854;  413133,50;  14775987
5770;SANTA JULIANA;  36454518;  871575,00;  37326093
5780;SANTA LUZIA; 279622830; 4145663,09; 283768493
5790;SANTA MARGARIDA;  30719851; 1750674,95;  32470526
5800;SANTA MARIA DE ITABIRA;  22831461;  869182,38;  23700644
5810;SANTA MARIA DO SALTO;  14785500;   81600,00;  14867100
5820;SANTA MARIA DO SUAÇUÍ;  27720138; 1362725,00;  29082863
5920;SANTA RITA DE CALDAS;  19070033;  460521,28;  19530555
5940;SANTA RITA DE IBITIPOCA;  13185590;  651114,00;  13836704
5930;SANTA RITA DE JACUTINGA;  14888208;  294646,81;  15182855
5935;SANTA RITA DE MINAS;  15774084;  831569,06;  16605653
5950;SANTA RITA DO ITUETO;  15842224;  235231,81;  16077456
5960;SANTA RITA DO SAPUCAÍ;  76065043;       0,00;  76065043
5970;SANTA ROSA DA SERRA;  13376539;   71511,69;  13448050
5980;SANTA VITÓRIA;  98495639; 1759752,78; 100255391
5830;SANTANA DA VARGEM;  17330395;  226650,51;  17557045
5840;SANTANA DE CATAGUASES;  13317480;  562115,75;  13879596
5850;SANTANA DE PIRAPAMA;  16446139;  795320,00;  17241459
5860;SANTANA DO DESERTO;  13940924;  154261,38;  14095185
5870;SANTANA DO GARAMBÉU;  12429500;  351550,00;  12781050
5880;SANTANA DO JACARÉ;  11746426;  509302,57;  12255729
5890;SANTANA DO MANHUAÇU;  16897884; 1110823,84;  18008708
5895;SANTANA DO PARAÍSO;  47593463; 1306700,00;  48900163
5900;SANTANA DO RIACHO;  14785179;  239999,88;  15025179
5910;SANTANA DOS MONTES;  13473768;       0,00;  13473768
5990;SANTO ANTÔNIO DO AMPARO;  39068596;  450255,00;  39518851
6000;SANTO ANTÔNIO DO AVENTUREIRO;  12938240;  859036,83;  13797277
6010;SANTO ANTÔNIO DO GRAMA;  14689984;  493475,00;  15183459
6020;SANTO ANTÔNIO DO ITAMBÉ;  14560139;  178750,00;  14738889
6030;SANTO ANTÔNIO DO JACINTO;  23209459; 1754463,00;  24963922
6040;SANTO ANTÔNIO DO MONTE;  50552381; 3093003,43;  53645384
6045;SANTO ANTÔNIO DO RETIRO;  19017643;  221059,79;  19238703
6050;SANTO ANTÔNIO DO RIO ABAIXO;  11820538;  252502,36;  12073040
6060;SANTO HIPÓLITO;  13193851; 3511175,14;  16705026
6070;SANTOS DUMONT;  70654063; 1597560,89;  72251624
6080;SÃO BENTO ABADE;  15128014;       0,00;  15128014
6090;SÃO BRÁS DO SUAÇUÍ;  17577892;   55000,00;  17632892
6095;SÃO DOMINGOS DAS DORES;  16442373;  302016,00;  16744389
6100;SÃO DOMINGOS DO PRATA;  32774132;  450461,41;  33224593
6105;SÃO FÉLIX DE MINAS;  15288324; 1075803,88;  16364128
6110;SÃO FRANCISCO;  78971515; 3466352,33;  82437867
6120;SÃO FRANCISCO DE PAULA;  14516906; 1475871,83;  15992778
6130;SÃO FRANCISCO DE SALES;  22933064; 1626145,99;  24559210
6140;SÃO FRANCISCO DO GLÓRIA;  13325911;  965732,74;  14291644
6150;SÃO GERALDO;  19939776; 1191103,30;  21130880
6160;SÃO GERALDO DA PIEDADE;  14446572; 2275127,94;  16721700
6165;SÃO GERALDO DO BAIXIO;  14126181;  805333,09;  14931514
6170;SÃO GONÇALO DO ABAETÉ;  24067046;  645276,24;  24712322
6180;SÃO GONÇALO DO PARÁ;  20836538; 1607942,57;  22444481
6190;SÃO GONÇALO DO RIO ABAIXO; 168773461;  653683,94; 169427145
2550;SÃO GONÇALO DO RIO PRETO;  14033934;  418184,09;  14452118
6200;SÃO GONÇALO DO SAPUCAÍ;  47421837;  847048,91;  48268886
6210;SÃO GOTARDO;  57447488; 1827723,58;  59275212
6220;SÃO JOÃO BATISTA DO GLÓRIA;  27852943;  236062,60;  28089006
6225;SÃO JOÃO DA LAGOA;  15083549;   99990,00;  15183539
6230;SÃO JOÃO DA MATA;  12422562;  563663,50;  12986225
6240;SÃO JOÃO DA PONTE;  50802359;  647119,45;  51449479
6245;SÃO JOÃO DAS MISSÕES;  24551612;  650000,00;  25201612
6250;SÃO JOÃO DEL REI; 128534043; 3826754,16; 132360797
6255;SÃO JOÃO DO MANHUAÇU;  23384686;  462852,33;  23847539
6257;SÃO JOÃO DO MANTENINHA;  16918055;   81595,47;  16999650
6260;SÃO JOÃO DO ORIENTE;  16128027;  496680,00;  16624707
6265;SÃO JOÃO DO PACUÍ;  13748036;  507345,48;  14255381
6270;SÃO JOÃO DO PARAÍSO;  35850921;  799281,75;  36650203
6280;SÃO JOÃO EVANGELISTA;  30428183;  656300,00;  31084483
6290;SÃO JOÃO NEPOMUCENO;  47754797; 1648528,64;  49403325
6292;SÃO JOAQUIM DE BICAS;  55520995;  167430,00;  55688425
6294;SÃO JOSÉ DA BARRA;  26648641;  741733,52;  27390375
6295;SÃO JOSÉ DA LAPA;  51026008; 1520819,36;  52546827
6300;SÃO JOSÉ DA SAFIRA;  14956512; 2247281,19;  17203793
6310;SÃO JOSÉ DA VARGINHA;  14858135;  892874,86;  15751010
6320;SÃO JOSÉ DO ALEGRE;  12827473;       0,00;  12827473
6330;SÃO JOSÉ DO DIVINO;  14182801; 1467276,00;  15650077
6340;SÃO JOSÉ DO GOIABAL;  14355875;    6000,00;  14361875
6350;SÃO JOSÉ DO JACURI;  16417788;  982500,00;  17400288
6360;SÃO JOSÉ DO MANTIMENTO;  12497057;  569333,28;  13066390
6370;SÃO LOURENÇO;  93200978;  441875,00;  93642853
6380;SÃO MIGUEL DO ANTA;  16697978; 1053728,91;  17751707
6390;SÃO PEDRO DA UNIÃO;  15444612;  515177,87;  15959790
6410;SÃO PEDRO DO SUAÇUÍ;  14570554; 1329633,40;  15900188
6400;SÃO PEDRO DOS FERROS;  16557869;  354175,00;  16912044
6420;SÃO ROMÃO;  23169629;  865848,23;  24035477
6430;SÃO ROQUE DE MINAS;  16605093;  851532,88;  17456625
6440;SÃO SEBASTIÃO DA BELA VISTA;  15532236;  980164,20;  16512400
6443;SÃO SEBASTIÃO DA VARGEM ALEGRE;  14978120;  561264,76;  15539385
6447;SÃO SEBASTIÃO DO ANTA;  16845833; 1353204,99;  18199038
6450;SÃO SEBASTIÃO DO MARANHÃO;  20720159; 1008399,03;  21728558
6460;SÃO SEBASTIÃO DO OESTE;  22739220;  572680,16;  23311900
6470;SÃO SEBASTIÃO DO PARAÍSO; 132604441; 2414925,00; 135019366
6480;SÃO SEBASTIÃO DO RIO PRETO;  11339571;  175000,00;  11514571
6490;SÃO SEBASTIÃO DO RIO VERDE;  12252463;  321415,28;  12573878
6520;SÃO THOMÉ DAS LETRAS;  13266734;  900895,34;  14167630
6500;SÃO TIAGO;  21259410; 1103737,28;  22363148
6510;SÃO TOMÁS DE AQUINO;  18512942;  715685,36;  19228628
6530;SÃO VICENTE DE MINAS;  17653247;  155695,50;  17808942
6540;SAPUCAÍ-MIRIM;  15550227;  385444,49;  15935671
6550;SARDOÁ;  14716721;   91130,00;  14807851
6553;SARZEDO;  84355768;  617982,30;  84973751
6556;SEM-PEIXE;  13161120;  102000,00;  13263120
6557;SENADOR AMARAL;  16253291;  372825,00;  16626116
6560;SENADOR CORTES;NA;NA;         0
6570;SENADOR FIRMINO;  16232878; 1897663,57;  18130542
6580;SENADOR JOSÉ BENTO;  11461043;  611000,00;  12072043
6590;SENADOR MODESTINO GONÇALVES;  15149020;  197500,00;  15346520
6600;SENHORA DE OLIVEIRA;  15278631; 1013707,38;  16292339
6610;SENHORA DO PORTO;  14114084;  315000,00;  14429084
6620;SENHORA DOS REMÉDIOS;  17814164; 1011910,30;  18826075
6630;SERICITA;  16736957; 2022826,76;  18759784
6640;SERITINGA;  12089362;  472466,61;  12561829
6650;SERRA AZUL DE MINAS;  13756157;  182000,00;  13938157
6660;SERRA DA SAUDADE;  11936429;  331024,83;  12267454
6680;SERRA DO SALITRE;  30362352; 1099824,23;  31462177
6670;SERRA DOS AIMORÉS;  16228002;  152204,45;  16380206
6690;SERRANIA;  21083370;  462811,00;  21546181
6695;SERRANÓPOLIS DE MINAS;  15164951;  876211,09;  16041162
6700;SERRANOS;  12136183;  682174,48;  12818357
6710;SERRO;  37744807;  426605,87;  38171413
6720;SETE LAGOAS; 418944089; 6633636,38; 425577725
6555;SETUBINHA;  22022351;  644553,00;  22666904
6730;SILVEIRÂNIA;  12131643;   12434,80;  12144078
6740;SILVIANÓPOLIS;  14805304; 1622616,33;  16427920
6750;SIMÃO PEREIRA;  14368329;   96190,24;  14464520
6760;SIMONÉSIA;  33035250; 2925772,12;  35961022
6770;SOBRÁLIA;  16557946;  146282,36;  16704228
6780;SOLEDADE DE MINAS;  12457256;   60000,00;  12517256
6790;TABULEIRO;  13424341;  372075,00;  13796416
6800;TAIOBEIRAS;  61249177;       0,00;  61249177
6805;TAPARUBA;  13227906;  844075,00;  14071981
6810;TAPIRA;  35256536;       0,00;  35256536
6820;TAPIRAÍ;  12072781;  632198,31;  12704979
6830;TAQUARAÇU DE MINAS;  15452059;  353341,28;  15805400
6840;TARUMIRIM;  25355584; 1727362,91;  27082947
6850;TEIXEIRAS;  22469131;  208394,38;  22677526
6860;TEÓFILO OTONI; 242305896; 2567098,76; 244872995
6870;TIMÓTEO; 132749460; 6076214,14; 138825674
6880;TIRADENTES;  16901556; 1706858,87;  18608415
6890;TIROS;  20748527; 1957522,72;  22706049
6900;TOCANTINS;  27069334;  825195,74;  27894530
6905;TOCOS DO MOJI;  13213691;  709391,67;  13923083
6910;TOLEDO;  17393733;  641455,01;  18035188
6920;TOMBOS;  18842351; 1388727,37;  20231078
6930;TRÊS CORAÇÕES; 111227502; 2976866,17; 114204368
6935;TRÊS MARIAS;  73976016; 2605690,52;  76581707
6940;TRÊS PONTAS;  92573168; 1276039,27;  93849208
6950;TUMIRITINGA;  16667167; 4028186,23;  20695353
6960;TUPACIGUARA;  62528660; 2476217,51;  65004877
6970;TURMALINA;  39520011; 2342319,84;  41862330
6980;TURVOLÂNDIA;  14572156;  492364,71;  15064520
6990;UBÁ;NA;NA;         0
7000;UBAÍ;  23288459;  290905,06;  23579364
7005;UBAPORANGA;  21084452;  555126,34;  21639578
7010;UBERABA; 483972751;31212536,88; 515185288
7020;UBERLÂNDIA;1079359448;11216311,73;1090575760
7030;UMBURATIBA;  12666143;  407610,00;  13073753
7040;UNAÍ; 156048785; 5953923,27; 162002709
7043;UNIÃO DE MINAS;  17139509;  369248,14;  17508757
7047;URUANA DE MINAS;  12968751;  702976,30;  13671727
7050;URUCÂNIA;  24267274; 1329793,65;  25597067
7052;URUCUIA;  25575392;  250000,00;  25825392
7057;VARGEM ALEGRE;  14501292;       0,00;  14501292
7060;VARGEM BONITA;  13110038;  673425,76;  13783464
7065;VARGEM GRANDE DO RIO PARDO;  14522754;  909881,96;  15432636
7070;VARGINHA; 202400504; 5169459,33; 207569963
7075;VARJÃO DE MINAS;  18839596; 1172649,82;  20012246
7080;VÁRZEA DA PALMA;  65452965; 1344998,99;  66797964
7090;VARZELÂNDIA;  37346836;  690000,00;  38036836
7100;VAZANTE;  49499439;  189442,69;  49688881
7103;VERDELÂNDIA;  19611957;  814338,92;  20426296
7107;VEREDINHA;  15754622;  577131,13;  16331753
7110;VERÍSSIMO;  15494623;       0,00;  15494623
7115;VERMELHO NOVO;  15002970;       0,00;  15002970
7120;VESPASIANO; 178700100; 2466987,32; 181167087
7130;VIÇOSA; 117123049; 1140144,98; 118263194
7140;VIEIRAS;  14019563; 1171773,10;  15191336
7160;VIRGEM DA LAPA;  26296390; 9922372,20;  36218763
7170;VIRGÍNIA;  18352379; 2183970,43;  20536350
7180;VIRGINÓPOLIS;  23148531;       0,00;  23148531
7190;VIRGOLÂNDIA;  16481226;       0,00;  16481226
7200;VISCONDE DO RIO BRANCO;  61824748; 3098061,77;  64922810
7210;VOLTA GRANDE;  16132098;  160041,29;  16292139
7220;WENCESLAU BRAZ;  11638726;  697925,00;  12336651
